Date,Open,High,Low,Close,Volume,Change
2022-12-01,721547,725463,709799,710778,159313,-0.41
2022-12-02,706861,713714,702945,702945,128168,-1.1
2022-12-05,702945,704903,680427,682386,224683,-2.92
2022-12-06,670637,696092,666721,691197,216571,1.29
2022-12-07,691196,700008,685322,693155,177069,0.28
2022-12-08,694134,700987,678470,678470,302444,-2.12
2022-12-09,676511,678469,631476,631476,438701,-6.93
2022-12-12,624622,643224,618748,636371,315352,0.78
2022-12-13,641266,650077,625601,629518,204333,-1.08
2022-12-14,634413,654973,634413,653015,226335,3.73
2022-12-15,647140,658889,644203,651057,201969,-0.3
2022-12-16,640287,653015,634413,653015,275818,0.3
2022-12-19,644203,645182,628538,633434,204083,-3.0
2022-12-20,632455,640287,624622,631476,132021,-0.31
2022-12-21,632455,632455,614832,620707,169223,-1.71
2022-12-22,623644,630497,617769,623644,172633,0.47
2022-12-23,612874,614832,601125,608958,208502,-2.35
2022-12-26,605041,613853,605041,610916,127298,0.32
2022-12-27,614832,620706,604062,610916,182691,0.0
2022-12-28,604063,608958,587419,590357,244018,-3.37
2022-12-29,591335,593293,578608,578608,202002,-1.99
2023-01-02,584481,603083,584481,589377,145145,1.86
2023-01-03,600147,605042,583503,592315,208134,0.5
2023-01-04,583503,593294,568818,590357,228448,-0.33
2023-01-05,599167,599167,569796,570776,375301,-3.32
2023-01-06,565880,581545,561964,573713,228914,0.51
2023-01-09,579586,589377,573712,587419,232851,2.39
2023-01-10,593293,607000,591335,599168,254281,2.0
2023-01-11,605041,612874,599167,610916,220621,1.96
2023-01-12,617769,619727,608957,615811,245990,0.8
2023-01-13,615810,624622,615810,617769,159010,0.32
2023-01-16,616790,623643,608957,610916,132782,-1.11
2023-01-17,608958,610916,598188,603084,136849,-1.28
2023-01-18,607000,607000,593293,600147,132005,-0.49
2023-01-19,598189,604063,591335,597210,153595,-0.49
2023-01-20,600146,607000,595251,606021,155343,1.48
2023-01-25,621685,638329,618748,635392,259466,4.85
2023-01-26,644203,661826,630497,657910,285639,3.54
2023-01-27,665741,674553,653993,672595,270394,2.23
2023-01-30,679448,679448,665741,672595,328815,0.0
2023-01-31,682385,689238,667699,670637,448111,-0.29
2023-02-01,682385,705882,676511,704903,406175,5.11
2023-02-02,706861,713714,697070,700987,240292,-0.56
2023-02-03,707840,708819,687280,699029,196890,-0.28
2023-02-06,692176,700987,686302,686302,200542,-1.82
2023-02-07,680427,701966,675532,696092,211640,1.43
2023-02-08,700008,717631,694134,714694,274695,2.67
2023-02-09,710777,723505,707840,722526,254296,1.1
2023-02-10,711756,720568,702945,719589,203176,-0.41
2023-02-13,713715,713715,702945,707841,221027,-1.63
2023-02-14,711756,724484,709798,723505,203925,2.21
2023-02-15,723505,727421,708819,710778,276438,-1.76
2023-02-16,714693,722526,710777,718610,207386,1.1
2023-02-17,706861,712735,687281,688260,245854,-4.22
2023-02-20,679448,681406,663783,677490,265665,-1.56
2023-02-21,678469,685322,672594,677490,181130,0.0
2023-02-22,667699,675532,662804,669658,225888,-1.16
2023-02-23,665742,673574,653993,666721,229195,-0.44
2023-02-24,666721,681406,663783,665742,203811,-0.15
2023-02-27,654972,664763,653014,663784,170737,-0.29
2023-02-28,668679,688260,666721,681407,278561,2.65
2023-03-02,678469,698050,678469,695113,319458,2.01
2023-03-03,696092,724484,690218,715673,334844,2.96
2023-03-06,732315,764624,727420,764624,770377,6.84
2023-03-07,762666,784205,751897,776373,612166,1.54
2023-03-08,769520,769520,738191,738191,477532,-4.92
2023-03-09,740148,741127,714693,716652,414859,-2.92
2023-03-10,706861,725463,705882,721547,238482,0.68
2023-03-13,722526,729379,706861,722526,217506,0.14
2023-03-14,712736,717631,696092,709799,298012,-1.76
2023-03-15,712735,732316,710777,718610,242622,1.24
2023-03-16,708819,723505,700987,723505,219476,0.68
2023-03-17,729378,731336,690217,705882,351885,-2.44
2023-03-20,694133,708819,692175,700008,182581,-0.83
2023-03-21,709798,716651,693154,701966,221881,0.28
2023-03-22,709798,719589,704903,716652,246683,2.09
2023-03-23,705882,735253,705882,730358,300933,1.91
2023-03-24,725462,725462,697070,703924,272124,-3.62
2023-03-27,710778,722526,705882,707841,258859,0.56
2023-03-28,704902,709798,695112,706861,174995,-0.14
2023-03-29,700987,719589,700987,719589,271980,1.8
2023-03-30,720567,720567,705882,705882,209442,-1.9
2023-03-31,706861,719589,699029,719589,253576,1.94
2023-04-03,734274,734274,714693,729379,227418,1.36
2023-04-04,724484,734274,708819,710778,213104,-2.55
2023-04-05,714693,770498,711756,761687,480097,7.16
2023-04-06,747980,749938,725462,729379,411460,-4.24
2023-04-07,726442,731337,715672,722526,264633,-0.94
2023-04-10,722525,740148,719588,733295,360238,1.49
2023-04-11,740148,759729,730358,750918,450926,2.4
2023-04-12,759729,762666,735253,747981,297218,-0.39
2023-04-13,737211,752876,728400,752876,284680,0.65
2023-04-14,756792,758750,734274,746023,241329,-0.91
2023-04-17,741128,744065,733295,739170,219163,-0.92
2023-04-18,739169,757771,730358,749939,297812,1.46
2023-04-19,749939,749939,736232,742107,226334,-1.04
2023-04-20,737211,748959,730357,733295,185898,-1.19
2023-04-21,730358,740148,713714,718610,211076,-2.0
2023-04-24,718610,724484,705882,710778,164602,-1.09
2023-04-25,719588,721547,683364,691197,264141,-2.75
2023-04-26,692176,705882,686301,688260,225157,-0.42
2023-04-27,688259,695113,681406,691197,268804,0.43
2023-04-28,696091,696091,667699,676511,557651,-2.12
2023-05-02,680427,688260,676511,685323,225449,1.3
2023-05-03,683364,683364,665741,669658,228751,-2.29
2023-05-04,666720,677490,660846,669658,178662,0.0
2023-05-08,670637,676511,663783,669658,211002,0.0
2023-05-09,671616,674553,653014,665742,204663,-0.58
2023-05-10,661826,672595,655951,657910,145450,-1.18
2023-05-11,658889,661826,653014,655952,181923,-0.3
2023-05-12,650077,657910,649098,651057,149319,-0.75
2023-05-15,652035,660847,641266,659868,193725,1.35
2023-05-16,663784,670637,655952,656931,139496,-0.45
2023-05-17,655951,677490,653993,676511,182098,2.98
2023-05-18,679448,680427,671615,677490,144427,0.14
2023-05-19,677490,683365,668679,683365,233755,0.87
2023-05-22,686302,691197,677490,685323,156004,0.29
2023-05-23,688259,699029,684343,695113,179269,1.43
2023-05-24,685322,699029,685322,699029,143959,0.56
2023-05-25,689239,696092,685323,685323,183732,-1.96
2023-05-26,682386,688260,678470,678470,127228,-1.0
2023-05-30,683364,708819,683364,702945,212719,3.61
2023-05-31,697070,707840,697070,702945,286774,0.0
2023-06-01,702945,705882,691196,693155,137509,-1.39
2023-06-02,693154,702945,691196,700008,158820,0.99
2023-06-05,706861,706861,695112,701966,79213,0.28
2023-06-07,706861,724484,703924,719589,233030,2.51
2023-06-08,720568,720568,701966,713715,201623,-0.82
2023-06-09,713714,719589,710777,719589,154132,0.82
2023-06-12,726442,729379,718609,724484,139303,0.68
2023-06-13,724483,729379,719588,726442,149992,0.27
2023-06-14,724484,728400,709798,715673,202400,-1.48
2023-06-15,711757,719589,703924,711757,179308,-0.55
2023-06-16,713715,718610,706861,711757,182084,0.0
2023-06-19,710777,713714,698049,700008,168990,-1.65
2023-06-20,689239,691197,676511,687281,233921,-1.82
2023-06-21,689239,700987,679448,680428,191110,-1.0
2023-06-22,672595,684344,672595,680428,157506,0.0
2023-06-23,679448,683364,666720,668679,190773,-1.73
2023-06-26,662804,672595,659867,668679,142253,0.0
2023-06-27,661825,668679,659867,663784,166065,-0.73
2023-06-28,669657,669657,643224,643224,273878,-3.1
2023-06-29,643224,664763,642245,651057,230713,1.22
2023-06-30,652035,661826,639308,654973,259266,0.6
2023-07-03,665741,701966,662804,701966,349060,7.17
2023-07-04,706861,706861,693154,696092,248536,-0.84
2023-07-05,700008,700008,689238,693155,132938,-0.42
2023-07-06,696092,696092,678469,688260,181856,-0.71
2023-07-07,685323,690218,679448,682386,137048,-0.85
2023-07-10,683364,685322,667699,670637,170840,-1.72
2023-07-11,674553,681406,670636,671616,115408,0.15
2023-07-12,676511,684343,670636,674553,105268,0.44
2023-07-13,680427,704903,679448,700008,287187,3.77
2023-07-14,705882,708819,693154,700987,189406,0.14
2023-07-17,688260,693155,678469,680428,202263,-2.93
2023-07-18,687281,689239,672595,684344,281120,0.58
2023-07-19,684344,686302,667700,680428,305765,-0.57
2023-07-20,670637,680427,668678,670637,217773,-1.44
2023-07-21,663783,672595,661825,671616,167379,0.15
2023-07-24,669658,700008,665742,697071,413461,3.79
2023-07-25,711756,711756,683364,697071,290676,0.0
2023-07-26,696092,719589,683364,688260,644240,-1.26
2023-07-27,685322,686301,646160,648119,572792,-5.83
2023-07-28,653015,656931,644203,649099,317930,0.15
2023-07-31,650077,664763,644203,651057,405459,0.3
2023-08-01,650077,661826,650077,655952,323325,0.75
2023-08-02,655951,656930,636371,636371,284139,-2.99
2023-08-03,634413,639308,623643,625602,245132,-1.69
2023-08-04,626581,629518,620707,621686,143215,-0.63
2023-08-07,616790,617769,604063,604063,281090,-2.83
2023-08-08,607000,613853,601126,601126,221419,-0.49
2023-08-09,601126,623644,597210,620707,206630,3.26
2023-08-10,613853,613853,606020,608958,147611,-1.89
2023-08-11,612874,631476,611895,619728,209750,1.77
2023-08-14,611895,612874,597210,597210,221860,-3.63
2023-08-16,587418,603083,587418,588398,192286,-1.48
2023-08-17,583503,598189,581545,595252,193630,1.16
2023-08-18,589377,591335,582523,584482,142446,-1.81
2023-08-21,582524,587419,577629,577629,126446,-1.17
2023-08-22,584482,592314,580565,585461,141927,1.36
2023-08-23,579587,585461,571754,573713,191319,-2.01
2023-08-24,575670,589377,575670,581545,193525,1.37
2023-08-25,572733,587419,570775,582524,118149,0.17
2023-08-28,587419,591335,582523,586440,83976,0.67
2023-08-29,587419,591335,581544,583503,103683,-0.5
2023-08-30,586440,598189,585461,593294,138772,1.68
2023-08-31,595251,602105,591335,601126,224968,1.32
2023-09-01,602104,602104,582524,583503,159552,-2.93
2023-09-04,580566,597210,579587,597210,128289,2.35
2023-09-05,598188,607000,593293,603084,150692,0.98
2023-09-06,597210,602105,589377,590357,143302,-2.11
2023-09-07,582524,587419,575670,582524,220880,-1.33
2023-09-08,583503,585461,568817,576650,174699,-1.01
2023-09-11,579587,583503,560006,560986,230049,-2.72
2023-09-12,561964,563922,545320,546300,369638,-2.62
2023-09-13,541404,550216,540425,546300,179099,0.0
2023-09-14,551195,571755,546300,571755,316284,4.66
2023-09-15,571755,576650,567839,568818,278693,-0.51
2023-09-18,560006,569796,555111,555111,218212,-2.41
2023-09-19,554132,559027,546300,546300,173270,-1.59
2023-09-20,540425,554132,540425,551195,181975,0.9
2023-09-21,541404,545320,526719,526719,269554,-4.44
2023-09-22,516928,529656,515949,521824,271908,-0.93
2023-09-25,514971,525740,508117,510076,259406,-2.25
2023-09-26,505180,515950,504201,511055,201982,0.19
2023-09-27,501264,508117,491473,501264,314964,-1.92
2023-10-04,473361,484131,467487,474341,664979,-5.37
2023-10-05,484621,491474,475320,478747,328389,0.93
2023-10-06,473851,481193,470424,470914,232976,-1.64
2023-10-10,471404,494411,471404,479726,285116,1.87
2023-10-11,487557,503222,487068,500285,342118,4.29
2023-10-12,503222,527698,503222,523782,341247,4.7
2023-10-13,520845,524761,513991,514971,169097,-1.68
2023-10-16,511055,516929,496369,503223,149145,-2.28
2023-10-17,513992,527698,513013,513013,173832,1.95
2023-10-18,511054,514970,501264,501264,145235,-2.29
2023-10-19,488537,491474,478257,483642,319201,-3.52
2023-10-20,472382,475809,466508,469935,278186,-2.83
2023-10-23,462102,472872,452802,464061,379522,-1.25
2023-10-24,466997,470914,450354,469935,367665,1.27
2023-10-25,468956,469446,433711,436159,601595,-7.19
2023-10-26,408746,425879,408746,414131,806749,-5.05
2023-10-27,416578,444481,416089,442523,570013,6.86
2023-10-30,429795,449865,429795,442523,500826,0.0
2023-10-31,437627,438116,414619,416578,467908,-5.86
2023-11-01,420983,434200,413640,416578,397696,0.0
2023-11-02,427347,444480,425388,441543,455349,5.99
2023-11-03,448397,455250,441054,444481,330211,0.67
2023-11-06,467977,511054,455739,495390,1000926,11.45
2023-11-07,484620,485110,448396,456229,656604,-7.91
2023-11-08,460634,464550,440564,440564,388454,-3.43
2023-11-09,440564,444481,427347,430285,361629,-2.33
2023-11-10,418046,420493,409234,411193,396055,-4.44
2023-11-13,415109,420983,408256,408256,283487,-0.71
2023-11-14,417557,432242,416578,425879,381814,4.32
2023-11-15,440564,442522,434690,439096,393873,3.1
2023-11-16,439096,451334,435180,445460,248641,1.45
2023-11-17,440564,443011,433710,434690,220876,-2.42
2023-11-20,436648,455249,436648,450844,242820,3.72
2023-11-21,460145,464061,451333,456229,312352,1.19
2023-11-22,452802,464551,452802,461614,218809,1.18
2023-11-23,461613,470914,457207,465040,195599,0.74
2023-11-24,466019,469446,453292,453292,256259,-2.53
2023-11-27,455249,456718,443501,443991,211053,-2.05
2023-11-28,446928,449865,443012,445460,224437,0.33
2023-11-29,450844,464551,444480,461614,251235,3.63
2023-11-30,461123,463571,453781,462103,391324,0.11
2023-12-01,457697,457697,437627,437627,445708,-5.3
2023-12-04,441543,446439,424410,430285,482073,-1.68
2023-12-05,430284,437627,427347,434690,197378,1.02
2023-12-06,435668,435668,423430,424410,357507,-2.36
2023-12-07,429795,437627,426368,434201,274324,2.31
2023-12-08,438605,447417,435179,440564,224967,1.47
2023-12-11,441543,447417,431263,436648,312519,-0.89
2023-12-12,437138,440075,433711,436159,239635,-0.11
2023-12-13,432731,433710,420004,420494,317809,-3.59
2023-12-14,427347,441054,421962,439096,495187,4.42
2023-12-15,449865,457207,439585,443012,488835,0.89
2023-12-18,447907,449375,440564,442033,219252,-0.22
2023-12-19,441543,443012,437137,441054,218191,-0.22
2023-12-20,443991,453292,443501,452313,315604,2.55
2023-12-21,445459,446927,440074,441543,248496,-2.38
2023-12-22,444480,447417,441054,441054,170208,-0.11
2023-12-26,444480,446927,437137,437627,144205,-0.78
2023-12-27,441543,449375,440564,445949,176842,1.9
2023-12-28,453781,462103,448396,462103,307495,3.62
2024-01-02,459166,459655,453291,457208,199396,-1.06
2024-01-03,452313,452313,437138,437138,357754,-4.39
2024-01-04,435179,439095,430773,435669,206193,-0.34
2024-01-05,436158,439585,432731,435669,176653,0.0
2024-01-08,435669,436648,426368,426858,218516,-2.02
2024-01-09,432732,432732,422942,422942,215194,-0.92
2024-01-10,420983,422452,407277,407767,574394,-3.59
2024-01-11,406787,412662,406787,407767,338326,0.0
2024-01-12,408256,409724,396997,399445,377272,-2.04
2024-01-15,391613,395529,388186,391613,345145,-1.96
2024-01-16,390144,396997,386717,386718,319389,-1.25
2024-01-17,386717,389165,371053,371053,522710,-4.05
2024-01-18,364199,380353,359793,368605,487846,-0.66
2024-01-19,372032,376437,365668,366158,336322,-0.66
2024-01-22,366157,368115,350493,350493,584009,-4.28
2024-01-23,346577,354899,346577,350983,544512,0.14
2024-01-24,350982,353919,342660,346577,530821,-1.26
2024-01-25,343640,346088,337766,340214,445674,-1.84
2024-01-26,335318,358325,334828,352941,609969,3.74
2024-01-29,355878,375948,352940,371053,569232,5.13
2024-01-30,375458,381821,365667,366647,536075,-1.19
2024-01-31,363220,376926,360772,364689,360227,-0.53
2024-02-01,361263,371543,358326,369585,311808,1.34
2024-02-02,369095,386718,368605,384760,388517,4.11
2024-02-05,387696,390633,378885,378885,334205,-1.53
2024-02-06,374479,376927,366158,366158,356291,-3.36
2024-02-07,370073,386717,370073,373990,464025,2.14
2024-02-08,384759,386227,376927,376927,376113,0.79
2024-02-13,382801,384759,377905,382801,258982,1.56
2024-02-14,376927,381822,372032,378396,210153,-1.15
2024-02-15,384759,384759,377416,377906,264000,-0.13
2024-02-16,385738,399934,385738,396018,532406,4.79
2024-02-19,391612,396018,385738,386228,354173,-2.47
2024-02-20,385738,387697,377906,386718,236483,0.13
2024-02-21,384759,392592,382801,391613,181919,1.27
2024-02-22,393571,393571,386717,386718,208560,-1.25
2024-02-23,387696,388675,379864,380354,244399,-1.65
2024-02-26,379863,385738,377905,382801,186920,0.64
2024-02-27,382801,385248,373011,373011,266562,-2.56
2024-02-28,376438,384759,373501,373501,195383,0.13
2024-02-29,373011,374479,368115,369095,251400,-1.18
2024-03-04,369584,374968,365667,366647,308703,-0.66
2024-03-05,363220,363710,358325,358815,303089,-2.14
2024-03-06,357346,361262,355388,356857,225081,-0.55
2024-03-07,361262,408256,360283,403361,1809774,13.03
2024-03-08,411683,433222,409235,417068,1802291,3.4
2024-03-11,412172,415599,402382,404830,545371,-2.93
2024-03-12,412661,451333,412661,449865,1501551,11.12
2024-03-13,443990,458676,437627,449865,1083378,0.0
2024-03-14,444969,455249,432242,436648,816906,-2.94
2024-03-15,427837,428816,413151,416089,802005,-4.71
2024-03-18,416088,438606,415598,434690,581497,4.47
2024-03-19,442032,444969,429305,441543,669961,1.58
2024-03-20,441054,461614,436159,443502,930363,0.44
2024-03-21,446438,455249,444480,445949,549000,0.55
2024-03-22,444970,465040,443991,462593,796085,3.73
2024-03-25,467977,484131,465040,475810,858494,2.86
2024-03-26,478257,483152,461613,463082,840074,-2.68
2024-03-27,466998,481194,466508,470425,589500,1.59
2024-03-28,476788,477767,465529,467488,495505,-0.62
2024-03-29,467487,467977,450354,461124,599344,-1.36
2024-04-01,459166,460145,443991,444481,465417,-3.61
2024-04-02,443502,453781,443012,443502,376911,-0.22
2024-04-03,432242,435669,419026,419026,613988,-5.52
2024-04-04,424899,438606,422941,432732,458990,3.27
2024-04-05,424410,425389,411193,411683,438888,-4.86
2024-04-08,406787,419514,398465,411193,470970,-0.12
2024-04-09,416088,417557,402382,402382,320217,-2.14
2024-04-11,394550,406788,392592,398956,322915,-0.85
2024-04-12,401403,402382,392592,392592,275430,-1.6
2024-04-15,388186,392592,384270,385739,280264,-1.75
2024-04-16,378885,382801,376437,378396,250501,-1.9
2024-04-17,380353,391122,377906,377906,272778,-0.13
2024-04-18,381822,399444,381822,396997,329291,5.05
2024-04-19,391612,402871,386717,392592,342220,-1.11
2024-04-22,400424,412662,395039,412662,349602,5.11
2024-04-23,408256,413641,398466,398466,300876,-3.44
2024-04-24,413152,419515,408256,413152,345154,3.69
2024-04-25,405319,416088,404830,404830,258317,-2.01
2024-04-26,405809,407767,397487,399935,244231,-1.21
2024-04-29,403360,412172,402381,412172,238610,3.06
2024-04-30,417067,430284,409725,424900,492756,3.09
2024-05-02,428816,443012,428326,434201,477717,2.19
2024-05-03,433711,435669,426857,428816,200883,-1.24
2024-05-07,435179,436648,422452,425879,271217,-0.68
2024-05-08,426368,431753,422941,427837,159503,0.46
2024-05-09,424899,426857,417067,421473,248007,-1.49
2024-05-10,424410,426368,418046,420005,148031,-0.35
2024-05-13,420004,425879,413151,423921,199741,0.93
2024-05-14,426368,434201,421473,429306,189756,1.27
2024-05-16,432243,434690,427837,432243,220705,0.68
2024-05-17,430284,434690,420494,421963,182453,-2.38
2024-05-20,420494,422452,414620,415110,187577,-1.62
2024-05-21,412172,412662,401403,402872,267746,-2.95
2024-05-22,407277,409725,399935,399935,209478,-0.73
2024-05-23,397486,405808,395528,396997,266909,-0.73
2024-05-24,392592,395529,389654,392592,203427,-1.11
2024-05-27,392591,407277,385248,406298,294255,3.49
2024-05-28,405808,405808,395038,396018,203916,-2.53
2024-05-29,391612,394549,376927,376927,602782,-4.82
2024-05-30,373011,380353,371053,371053,305383,-1.56
2024-05-31,374479,378395,366647,366647,480777,-1.19
2024-06-03,367136,376927,367136,369095,261243,0.67
2024-06-04,367136,375948,366157,370074,225197,0.27
2024-06-05,372521,391123,371053,383291,438987,3.57
2024-06-07,388186,393571,385249,390634,312086,1.92
2024-06-10,387207,393081,378885,384760,334839,-1.5
2024-06-11,384759,393081,380353,384270,343831,-0.13
2024-06-12,382801,392591,382801,385249,195746,0.25
2024-06-13,391612,393570,383291,383291,398651,-0.51
2024-06-14,383291,384270,374969,375459,329213,-2.04
2024-06-17,372521,376437,369094,373011,230425,-0.65
2024-06-18,375458,378395,367137,367137,263554,-1.57
2024-06-19,370074,387207,368115,384270,345077,4.67
2024-06-20,381822,386718,380354,383781,219989,-0.13
2024-06-21,382801,391612,380843,380843,333427,-0.77
2024-06-24,376438,376927,369585,369585,302708,-2.96
2024-06-25,370073,373500,360283,360773,404396,-2.38
2024-06-26,364200,371053,361263,361263,316646,0.14
2024-06-27,364688,366157,353430,353430,458311,-2.17
2024-06-28,351472,354898,343639,346577,557554,-1.94
2024-07-01,345109,360773,344619,359305,465475,3.67
2024-07-02,357346,361752,344130,344130,527484,-4.22
2024-07-03,349514,360283,346087,358815,650556,4.27
2024-07-04,363709,368115,360772,366647,473960,2.18
2024-07-05,379374,381822,370563,373990,547990,2.0
2024-07-08,373990,377906,366158,373501,300113,-0.13
2024-07-09,376927,379375,373990,374480,277408,0.26
2024-07-10,369584,373011,362731,365179,353114,-2.48
2024-07-11,367626,381333,361262,381333,639163,4.42
2024-07-12,377906,381332,370073,372032,446018,-2.44
2024-07-15,372032,374969,367137,369585,232238,-0.66
2024-07-16,368115,369094,351961,352451,594686,-4.64
2024-07-17,349514,353919,348535,348535,379722,-1.11
2024-07-18,343639,351472,343150,347556,297144,-0.28
2024-07-19,347066,350983,344619,350004,272794,0.7
2024-07-22,348534,349513,334828,335318,407016,-4.2
2024-07-23,337276,338744,326996,328465,398778,-2.04
2024-07-24,324548,333360,323080,326507,236796,-0.6
2024-07-25,321611,340702,321611,336297,408942,3.0
2024-07-26,334339,339234,329933,331892,183124,-1.31
2024-07-29,330423,333849,324548,328465,285478,-1.03
2024-07-30,326017,337276,323570,323570,432884,-1.49
2024-07-31,323080,324549,305458,312801,826323,-3.33
2024-08-01,313290,330423,311821,326997,467169,4.54
2024-08-02,319164,333849,318674,329444,437738,0.75
2024-08-05,324549,325528,288325,297626,600593,-9.66
2024-08-06,302031,315738,302031,311822,415386,4.77
2024-08-07,305457,317695,305457,309374,265963,-0.79
2024-08-08,303010,306926,296647,296647,365192,-4.11
2024-08-09,301541,308884,298115,303500,359856,2.31
2024-08-12,304479,315738,304479,312801,282789,3.06
2024-08-13,309863,318184,304967,308884,280207,-1.25
2024-08-14,315248,318675,312311,316717,259586,2.54
2024-08-16,322591,324549,313290,313780,382940,-0.93
2024-08-19,312800,312800,302521,302521,386630,-3.59
2024-08-20,305947,306926,299094,304479,411059,0.65
2024-08-21,302520,328954,302031,321612,760280,5.63
2024-08-22,319653,330912,319653,328465,443988,2.13
2024-08-23,324549,328465,320143,323570,198453,-1.49
2024-08-26,326997,331402,322101,325039,301903,0.45
2024-08-27,325528,338745,321612,330913,426425,1.81
2024-08-28,336297,343150,329933,332381,574577,0.44
2024-08-29,331891,354899,330912,350983,776020,5.6
2024-08-30,352940,353430,344618,346577,390588,-1.26
2024-09-02,351472,365179,350983,361263,712351,4.24
2024-09-03,365668,372032,358325,363221,514846,0.54
2024-09-04,349024,358814,348045,350493,453939,-3.5
2024-09-05,355877,364689,349514,357836,398727,2.1
2024-09-06,359794,362731,333849,335808,600321,-6.16
2024-09-09,330423,339724,326017,336787,258114,0.29
2024-09-10,338745,340703,325038,326018,338261,-3.2
2024-09-11,326017,359794,325528,358326,717847,9.91
2024-09-12,360284,363221,351472,356368,459174,-0.55
2024-09-13,357347,363221,352941,357347,279459,0.27
2024-09-19,366158,370074,358325,364200,376545,1.92
2024-09-20,368115,374479,363709,368605,463391,1.21
2024-09-23,369584,373011,364199,371053,280220,0.66
2024-09-24,372521,384759,372032,379375,498381,2.24
2024-09-25,380843,382801,373011,373501,363708,-1.55
2024-09-26,373990,379375,365179,379375,382969,1.57
2024-09-27,379864,382801,373500,375948,240855,-0.9
2024-09-30,380843,385249,370564,370564,330701,-1.43
2024-10-02,364199,371052,362730,363710,285225,-1.85
2024-10-04,359304,361752,353430,353920,353258,-2.69
2024-10-07,357346,361752,350493,359794,370195,1.66
2024-10-08,356367,367137,353430,363221,304654,0.95
2024-10-10,366157,367136,361262,361752,280315,-0.4
2024-10-11,365179,377906,361262,365179,431756,0.95
2024-10-14,357835,359304,350492,351472,325641,-3.75
2024-10-15,354409,356367,340213,343640,454263,-2.23
2024-10-16,345598,346087,332871,332871,409021,-3.13
2024-10-17,333360,337276,326997,326997,300396,-1.76
2024-10-18,327485,329443,320142,323080,248358,-1.2
2024-10-21,324059,334339,324059,327486,168451,1.36
2024-10-22,326996,328954,316716,317206,219540,-3.14
2024-10-23,317205,326996,315737,324059,229308,2.16
2024-10-24,328465,331891,319164,320633,254375,-1.06
2024-10-25,326506,327975,314268,315248,222281,-1.68
2024-10-28,315738,341193,315738,341193,458211,8.23
2024-10-29,336787,343640,329444,336787,288480,-1.29
2024-10-30,332381,339724,328465,331892,267509,-1.45
2024-10-31,327485,333849,320143,320143,387110,-3.54
2024-11-01,318674,330423,316716,324549,206174,1.38
2024-11-04,328464,330912,321122,330423,345930,1.81
2024-11-05,325528,326018,309374,310843,876637,-5.93
2024-11-06,314269,315737,291751,292241,935224,-5.98
2024-11-07,289793,291751,280002,281961,983635,-3.52
2024-11-08,283918,287345,278044,278534,746259,-1.22
2024-11-11,279513,281471,267764,268744,675722,-3.51
2024-11-12,268254,270212,257974,258954,771719,-3.64
2024-11-13,255526,259932,249652,250142,573476,-3.4
2024-11-14,256506,264828,256016,258954,778974,3.52
2024-11-15,244757,248184,230561,241331,1302659,-6.81
2024-11-18,241821,256996,241331,256996,534146,6.49
2024-11-19,254548,256506,247205,253569,397078,-1.33
2024-11-20,252100,258464,250632,254059,366183,0.19
2024-11-21,254058,261401,251611,258954,317249,1.93
2024-11-22,261400,269233,259932,263359,345190,1.7
2024-11-25,266785,276086,266296,271681,554351,3.16
2024-11-26,273149,278044,268254,272660,336852,0.36
2024-11-27,272659,274128,260911,262380,313801,-3.77
2024-11-28,260422,266297,258954,266297,282879,1.49
2024-11-29,263848,264337,249163,249163,540260,-6.43
2024-12-02,253569,258464,251121,253569,269390,1.77
2024-12-03,258464,262380,253568,255527,421229,0.77
2024-12-04,247694,255037,247205,253569,474420,-0.77
2024-12-05,253568,254058,245736,246226,311786,-2.9
2024-12-06,245736,252589,239372,246226,365050,0.0
2024-12-09,240841,243289,233498,234478,393456,-4.77
2024-12-10,236925,248673,236925,247205,289722,5.43
2024-12-11,246226,250142,240841,243289,266666,-1.58
2024-12-12,245736,253079,241820,249653,497996,2.62
2024-12-13,251611,257485,247695,255038,416657,2.16
2024-12-16,258953,262380,255526,257485,260673,0.96
2024-12-17,255527,256506,239862,241821,648435,-6.08
2024-12-18,244757,254058,242799,252590,404014,4.45
2024-12-19,245247,252100,243289,248674,297787,-1.55
2024-12-20,253079,253079,242800,242800,470501,-2.36
2024-12-23,245736,252590,238394,250632,312770,3.23
2024-12-24,251121,255527,249163,249653,206637,-0.39
2024-12-26,250632,251121,241821,241821,217080,-3.14
2024-12-27,240352,244758,237415,242800,218362,0.4
2024-12-30,241820,248673,241820,242310,199422,-0.2
2025-01-02,242310,244757,233009,234478,329634,-3.23
2025-01-03,230072,243779,227135,241821,454357,3.13
2025-01-06,241820,245737,238394,243779,294522,0.81
2025-01-07,243778,249163,240841,241331,366621,-1.0
2025-01-08,239372,246715,237414,244268,512518,1.22
2025-01-09,244267,245246,232519,233988,722180,-4.21
2025-01-10,233988,234967,227624,229093,413626,-2.09
2025-01-13,227625,230072,224688,224688,375335,-1.92
2025-01-14,227624,233499,225666,231541,361798,3.05
2025-01-15,232030,233499,226156,226646,282940,-2.11
2025-01-16,230562,234478,229093,229583,292772,1.3
2025-01-17,228113,231540,227624,229093,215815,-0.21
2025-01-20,230072,239373,230072,238394,436132,4.06
2025-01-21,235946,237904,225176,229093,429840,-3.9
2025-01-22,230561,236436,229582,234478,275832,2.35
2025-01-23,233009,233499,227625,227625,245299,-2.92
2025-01-24,228114,229583,220282,221751,486052,-2.58
2025-01-31,220771,221261,215386,217345,412028,-1.99
2025-02-03,211959,211959,202658,203638,518647,-6.31
2025-02-04,206086,209512,201191,201191,523511,-1.2
2025-02-05,203638,211470,203148,208044,404393,3.41
2025-02-06,208534,209513,204128,207555,351675,-0.24
2025-02-07,205107,211960,204127,205107,313332,-1.18
2025-02-10,201191,208534,195806,206576,677930,0.72
2025-02-11,205596,210491,203638,206086,296924,-0.24
2025-02-12,206085,208043,203637,204617,247127,-0.71
2025-02-13,206575,212450,206086,209513,840837,2.39
2025-02-14,209512,212449,207064,209023,314999,-0.23
2025-02-17,210980,217344,208533,214897,359054,2.81
2025-02-18,216855,216855,210491,212939,266985,-0.91
2025-02-19,211470,223219,211470,221261,511308,3.91
2025-02-20,220771,227135,219792,222240,395944,0.44
2025-02-21,222729,228114,220282,226646,390613,1.98
2025-02-24,223708,243289,223219,241821,810911,6.7
2025-02-25,238394,242310,231540,231541,580972,-4.25
2025-02-26,229582,235457,228114,232520,682151,0.42
2025-02-27,234967,237415,231051,233499,441715,0.42
2025-02-28,230072,230072,217834,219303,704342,-6.08
2025-03-04,217345,219303,208044,208534,604511,-4.91
2025-03-05,210981,212449,205596,209023,562644,0.23
2025-03-06,211470,216365,207064,208044,584454,-0.47
2025-03-07,205596,216365,203638,213918,522099,2.82
2025-03-10,213918,215876,209023,211471,472306,-1.14
2025-03-11,202658,206575,201679,204617,487464,-3.24
2025-03-12,207554,210492,205596,208534,387217,1.91
2025-03-13,210980,211959,199722,199722,1089451,-4.23
2025-03-14,195316,205106,185330,187386,2851908,-6.18
2025-03-17,187190,188560,182882,186407,976834,-0.52
2025-03-18,187386,191792,186652,186799,772604,0.21
2025-03-19,186505,190911,186505,187876,790168,0.58
2025-03-20,190617,201191,189834,198254,1348839,5.52
2025-03-21,198743,199233,192184,196296,724664,-0.99
2025-03-24,196785,198743,193456,197275,286162,0.5
2025-03-25,199722,201190,195708,197764,254972,0.25
2025-03-26,198253,208044,196295,204128,445857,3.22
2025-03-27,200701,202170,197275,197275,305262,-3.36
2025-03-28,197764,199233,193358,195219,337896,-1.04
2025-03-31,191596,192379,184547,184547,576174,-5.47
2025-04-01,186505,189833,185330,189540,352728,2.71
2025-04-02,189638,190323,181707,182589,467150,-3.67
2025-04-03,176714,181316,175539,179358,373181,-1.77
2025-04-04,175735,187288,175735,186799,478175,4.15
2025-04-07,179357,180924,176029,176323,382779,-5.61
2025-04-08,179945,180239,172211,172603,418533,-2.11
2025-04-09,169079,173582,166435,168100,550125,-2.61
2025-04-10,177900,178300,172800,177200,492598,5.41
2025-04-11,173000,177100,172000,175600,355010,-0.9
2025-04-14,177600,181900,177100,178400,278232,1.59
2025-04-15,179400,184100,176300,182600,303559,2.35
2025-04-16,182000,184400,176600,177000,272189,-3.07
2025-04-17,178000,182700,177000,180900,246328,2.2
2025-04-18,182100,182100,178500,180000,146661,-0.5
2025-04-21,179000,180500,176700,177800,184454,-1.22
2025-04-22,176900,179800,176200,177300,213303,-0.28
2025-04-23,180000,190400,179900,190400,532051,7.39
2025-04-24,191200,191300,183700,184700,330284,-2.99
2025-04-25,186700,189400,184000,185100,328738,0.22
2025-04-28,184500,189600,183500,184200,327979,-0.49
2025-04-29,185000,185500,182000,183600,241248,-0.33
2025-04-30,183100,183300,175600,176000,606531,-4.14
2025-05-02,176400,177000,170900,173600,330151,-1.36
2025-05-07,175400,176400,171400,172200,405002,-0.81
2025-05-08,172100,173400,170100,172200,584179,0.0
2025-05-09,173800,173800,170300,170400,227421,-1.05
2025-05-12,170700,174900,170600,174900,260867,2.64
2025-05-13,175400,176200,170600,170900,296932,-2.29
2025-05-14,171400,173600,167300,173000,356073,1.23
2025-05-15,171300,173000,169600,169700,265305,-1.91
2025-05-16,170000,170000,164100,164700,662722,-2.95
2025-05-19,163400,173300,163400,169400,490511,2.85
2025-05-20,170400,170800,160600,161500,568781,-4.66
2025-05-21,162100,165500,161600,161800,291613,0.19
2025-05-22,161800,164700,157700,163100,395732,0.8
2025-05-23,162700,163400,159200,160200,268120,-1.78
2025-05-26,160200,168400,160200,166000,396990,3.62
2025-05-27,164400,164600,159400,160200,488202,-3.49
2025-05-28,161300,176000,160800,174100,1002912,8.68
2025-05-29,175800,175800,169000,174400,557915,0.17
2025-05-30,172500,174000,168900,168900,1009215,-3.15
2025-06-02,170000,172900,167000,172800,438261,2.31
2025-06-04,174600,179000,171400,172400,503464,-0.23
2025-06-05,170800,176300,170200,174300,370426,1.1
2025-06-09,173500,173600,169500,170800,489915,-2.01
2025-06-10,171900,172900,169400,170300,426240,-0.29
2025-06-11,170800,175000,170300,172900,603691,1.53
2025-06-12,171500,176900,171100,174800,1132120,1.1
2025-06-13,173900,175900,169800,172100,666710,-1.54
2025-06-16,170900,171200,165900,168900,610282,-1.86
2025-06-17,169000,172900,166900,169300,508546,0.24
2025-06-18,168300,170700,167100,169200,399040,-0.06
2025-06-19,169300,170800,167900,168200,408738,-0.59
2025-06-20,168200,177000,166500,176300,934905,4.82
2025-06-23,172800,172900,168300,169300,571851,-3.97
2025-06-24,172500,182300,172400,176800,742543,4.43
2025-06-25,177700,177800,173300,175400,421667,-0.79
2025-06-26,177000,178700,173100,174600,418901,-0.46
2025-06-27,175300,175300,169600,169700,478562,-2.81
2025-06-30,171000,175500,170900,172800,414084,1.83
2025-07-01,173400,181700,172300,178200,885032,3.12
2025-07-02,176600,179100,175200,179000,470497,0.45
2025-07-03,180000,187000,178600,185300,850429,3.52
2025-07-04,182800,183600,179500,181100,500743,-2.27
2025-07-07,182800,183700,176800,177000,504717,-2.26
2025-07-08,175400,178500,174000,175000,493345,-1.13
2025-07-09,175500,176900,169700,170100,689370,-2.8
2025-07-10,171000,171900,169900,170300,554246,0.12
2025-07-11,171100,181000,171000,179400,1066739,5.34
2025-07-14,180200,181100,176700,181100,399191,0.95
2025-07-15,180600,181000,177800,179200,328760,-1.05
2025-07-16,178700,180000,175900,176100,278372,-1.73
2025-07-17,177400,179200,174600,179000,356729,1.65
2025-07-18,180700,184300,180050,182500,686213,1.96
2025-07-21,182500,186500,180900,185800,517341,1.81
2025-07-22,187600,189200,181500,181900,473977,-2.1
2025-07-23,184000,185900,180100,184600,404059,1.48
2025-07-24,186400,193900,185100,190300,1013457,3.09
2025-07-25,193300,193300,187000,189800,525343,-0.26
2025-07-28,191900,195700,190500,194500,753603,2.48
2025-07-29,192200,192300,187200,191100,536337,-1.75
2025-07-30,190700,210000,190700,206000,1593192,7.8
2025-07-31,212500,212500,197500,201000,948283,-2.43
2025-08-01,196400,198000,189800,190000,843531,-5.47
2025-08-04,190800,194000,189500,193700,434105,1.95
2025-08-05,197600,221500,197500,213500,1875615,10.22
2025-08-06,212000,223000,211000,218000,1157281,2.11
2025-08-07,223000,223000,214500,217000,467950,-0.46
2025-08-08,221500,221500,215000,218000,361289,0.46
2025-08-11,221500,234000,221000,225000,983767,3.21
2025-08-12,225000,226500,221000,221000,403226,-1.78
2025-08-13,225500,225500,218000,221500,325765,0.23
2025-08-14,223500,229000,223000,224000,448035,1.13
2025-08-18,222500,224500,216000,219500,319220,-2.01
2025-08-19,220500,223500,215500,221000,268361,0.68
2025-08-20,218000,224000,216000,217500,377027,-1.58
2025-08-21,219000,219500,214500,215500,325179,-0.92
2025-08-22,216500,219000,213500,216000,373227,0.23
2025-08-25,220000,223500,217500,221500,254189,2.55
2025-08-26,221000,225750,219500,221000,480981,-0.23
2025-08-27,224000,224000,217500,220000,362256,-0.45
2025-08-28,220500,222500,215000,216000,336139,-1.82
2025-08-29,216500,216500,206000,207000,619884,-4.17
2025-09-01,202500,206500,201500,203000,300030,-1.93
2025-09-02,204000,204000,199400,202500,295808,-0.25
2025-09-03,203000,204500,200000,201500,252531,-0.49
2025-09-04,205500,205500,201000,202500,260018,0.5
2025-09-05,202500,203500,199300,199500,303237,-1.48
2025-09-08,197900,201500,197600,199900,207896,0.2
2025-09-09,200500,202500,199600,201500,307287,0.8
2025-09-10,200000,200500,196800,198100,689275,-1.69
2025-09-11,199700,201000,198000,198300,488743,0.1
2025-09-12,201500,204000,200000,204000,534562,2.87
2025-09-15,206000,207000,200500,201500,592824,-1.23
2025-09-16,203000,205000,201500,204000,398951,1.24
2025-09-17,204500,207500,202500,204000,342331,0.0
2025-09-18,205000,209000,202500,209000,374497,2.45
2025-09-19,207500,209000,203000,203000,858121,-2.87
2025-09-22,205000,211000,203500,207500,406999,2.22
2025-09-23,208500,211500,207500,210000,296713,1.2
2025-09-24,211500,211500,203000,205500,361727,-2.14
2025-09-25,206000,211500,205500,210500,416263,2.43
2025-09-26,208000,208000,202500,202500,378492,-3.8
2025-09-29,205500,208000,204500,206000,205188,1.73
2025-09-30,205000,209000,204500,205000,247788,-0.49
2025-10-01,206000,207500,203000,204000,216933,-0.49
2025-10-02,207500,212000,206500,206500,588864,1.23
2025-10-10,208500,208500,202500,207000,461084,0.24
2025-10-13,203500,214000,201500,210500,628628,1.69
2025-10-14,211500,223000,209500,220000,1096518,4.51
2025-10-15,223000,223000,217500,221500,450096,0.68
2025-10-16,222000,236000,221000,236000,1126965,6.55
2025-10-17,234000,259500,232000,255500,2155134,8.26
2025-10-20,258000,261500,248000,260500,876562,1.96
2025-10-21,261500,267000,255500,259000,942968,-0.58
2025-10-22,262000,265500,258000,262500,676863,1.35
2025-10-23,261500,264500,257000,258000,520549,-1.71
2025-10-24,261000,296500,259000,293000,1641056,13.57
2025-10-27,304000,304500,282000,285000,1695824,-2.73
2025-10-28,282500,321000,273000,312000,3688662,9.47
2025-10-29,312500,334000,309500,331000,2181528,6.09
2025-10-30,335000,349500,324000,325500,1784094,-1.66
2025-10-31,316000,329000,315500,322000,1007311,-1.08
2025-11-03,328500,328500,320000,327000,717628,1.55
2025-11-04,353000,354500,335000,337500,1277759,3.21
2025-11-05,327500,332500,310000,325000,1464201,-3.7
2025-11-06,335000,335500,318500,322000,806692,-0.92
2025-11-07,310000,318750,300000,306000,912774,-4.97
2025-11-10,308000,316000,303000,315000,450539,2.94
2025-11-11,324000,331000,314000,322000,774167,2.22
2025-11-12,324500,325000,316000,321500,342657,-0.16
2025-11-13,321500,336500,317500,334500,672268,4.04
2025-11-14,323000,324500,315000,315000,544713,-5.83
2025-11-17,321000,324500,315000,317000,324257,0.63
2025-11-18,317000,319000,301000,301500,520118,-4.89
2025-11-19,300500,303500,290000,296500,413844,-1.66
2025-11-20,304500,307000,300500,302000,247526,1.85
2025-11-21,289000,293250,287000,288500,345160,-4.47
2025-11-24,291500,291500,280500,281000,808887,-2.6
2025-11-25,288000,289000,281000,284500,265462,1.25
2025-11-26,288000,304500,286500,304500,466323,7.03
2025-11-27,307000,307500,300000,303000,256219,-0.49
2025-11-28,307500,308000,298000,299500,339877,-1.16
2025-12-01,301500,304500,296000,299000,255242,-0.17
2025-12-02,300500,306500,297500,305000,317336,2.01
2025-12-03,305500,306250,301000,305000,224504,0.0
2025-12-04,305500,306000,297500,302500,297211,-0.82
2025-12-05,299500,310500,299500,307500,379347,1.65
2025-12-08,308500,314000,305000,314000,507131,2.11
2025-12-09,310500,313000,306500,310000,278714,-1.27
2025-12-10,326000,329000,314000,317500,637865,2.42
2025-12-11,321000,321500,308000,308000,463386,-2.99
2025-12-12,310000,310000,306000,308000,304163,0.0
2025-12-15,301500,309500,298500,303000,339241,-1.62
2025-12-16,304000,304500,291500,293500,480504,-3.14
2025-12-17,296000,297000,291500,295000,232155,0.51
2025-12-18,285000,285500,277000,277000,644420,-6.1
2025-12-19,280000,280000,267500,279500,691283,0.9
2025-12-22,282000,285000,277500,282500,311296,1.07
2025-12-23,283000,283000,277750,279500,329038,-1.06
2025-12-24,281500,283500,278500,280000,206418,0.18
2025-12-26,280000,282500,273000,274000,340872,-2.14
2025-12-29,267000,278500,265000,277500,330047,1.28
2025-12-30,273500,275000,267000,269500,448385,-2.88
2026-01-02,268000,268000,259000,262500,616243,-2.6
2026-01-05,260000,280000,259500,275000,805956,4.76
2026-01-06,282000,282000,274000,277000,448991,0.73
2026-01-07,279000,280000,268500,270500,603479,-2.35
2026-01-08,271500,274000,269000,271000,556265,0.18
2026-01-09,272000,272000,265250,267500,433710,-1.29
2026-01-12,265500,280500,264000,278000,704473,3.93
2026-01-13,281500,302500,276000,300000,1248744,7.91
2026-01-14,298500,298500,284500,285500,663816,-4.83
2026-01-15,287000,292000,284250,291500,487778,2.1
2026-01-16,291500,292000,286000,289000,447796,-0.86
2026-01-19,289000,320000,286000,314000,1430872,8.65
2026-01-20,319000,339500,315500,326000,2148250,3.82
2026-01-21,316000,326500,310000,324000,1109366,-0.61
2026-01-22,333000,385500,325500,384500,5826300,18.67
2026-01-23,402000,402000,362500,373000,3366383,-2.99
2026-01-26,385500,389500,375500,387000,1609025,3.75
2026-01-27,373500,398000,367500,387500,1845095,0.13
2026-01-28,394000,411500,390000,396500,2071072,2.32
2026-01-29,397500,399500,376500,388000,1317541,-2.14
2026-01-30,390500,400500,376000,390000,1730887,0.52
2026-02-02,380000,386500,355500,356000,1586089,-8.72
2026-02-03,366500,381000,357500,374500,930111,5.2
2026-02-04,374000,396000,372500,391500,1224216,4.54
2026-02-05,388000,399500,380000,385500,1150046,-1.53
2026-02-06,370500,373000,358500,370000,727300,-4.02
2026-02-09,381500,383000,375000,380000,477549,2.7
2026-02-10,385500,391500,377000,381000,504263,0.26
2026-02-11,381500,384500,373500,377000,367852,-1.05
2026-02-12,381000,386000,373000,385500,639928,2.25
2026-02-13,377500,383000,372500,374500,517002,-2.85
2026-02-19,379500,409000,377000,408000,1085467,8.95
2026-02-20,402000,420500,399000,402000,928083,-1.47
2026-02-23,407500,407500,387000,391500,793713,-2.61
2026-02-24,400500,427000,399500,421500,2584055,7.66
2026-02-25,422000,443500,415000,433000,1253279,2.73
2026-02-26,439500,457000,436500,449000,1109842,3.7
2026-02-27,439500,473500,438500,466000,1207350,3.79
2026-03-03,453500,454500,408000,408000,1453235,-12.45
2026-03-04,390000,406000,348500,351000,1895549,-13.97
2026-03-05,391000,407000,385000,392500,1008865,11.82
2026-03-06,388500,411500,385500,410500,796681,4.59
2026-03-09,386500,394500,375500,389000,754807,-5.24
2026-03-10,415000,415000,394000,403500,597355,3.73
2026-03-11,413500,419000,394500,400000,531148,-0.87
2026-03-12,396000,402000,394000,400000,616460,0.0
2026-03-13,387000,397000,384500,388000,531172,-3.0
2026-03-16,395000,398000,380000,383000,483616,-1.29
2026-03-17,395000,397500,388000,389000,359325,1.57
2026-03-18,397000,405000,393500,405000,384421,4.11
2026-03-19,397000,414000,396000,402500,428488,-0.62
2026-03-20,405000,407000,398000,400500,390788,-0.5
2026-03-23,386500,387000,375500,376500,462325,-5.99
2026-03-24,392000,403000,383500,397500,531265,5.58
2026-03-25,401000,411500,399500,404000,416484,1.64
2026-03-26,402000,413500,391000,396500,455967,-1.86
2026-03-27,387500,409000,375000,405500,657568,2.27
2026-03-30,389000,418000,388500,412500,735298,1.73
2026-03-31,419500,429500,404000,408000,1110671,-1.09
2026-04-01,425000,434000,413000,432000,779644,5.88
2026-04-02,434500,460000,430000,443000,1822137,2.55
2026-04-03,451500,460000,432500,438500,692098,-1.02
2026-04-06,441000,470000,438000,453500,1125434,3.42
2026-04-07,448500,468500,445000,456500,759485,0.66
2026-04-08,471000,471500,454500,471500,821542,3.29
2026-04-09,475000,493500,469000,480000,1003279,1.8
2026-04-10,483000,490000,473000,481000,550626,0.21
2026-04-13,476500,493000,472000,477500,482539,-0.73
2026-04-14,485500,491000,463000,470500,798652,-1.47
2026-04-15,473500,478500,466000,471000,632770,0.11
2026-04-16,473000,480000,473000,478500,357441,1.59
2026-04-17,480000,515000,473000,513000,1116580,7.21
2026-04-20,515000,549000,509000,538000,827022,4.87
2026-04-21,570000,648000,557000,645000,2533682,19.89
2026-04-22,686000,686000,647000,659000,1727542,2.17
2026-04-23,657000,669000,613000,630000,1204489,-4.4
2026-04-24,648000,663000,631000,641000,786062,1.75
2026-04-27,641000,648000,616000,635000,699957,-0.94
2026-04-28,657000,690000,650000,680000,1454459,7.09
2026-04-29,689000,714000,685000,712000,1268312,4.71
2026-04-30,721000,723000,692000,695000,853824,-2.39
2026-05-04,715000,717000,694000,705000,663957,1.44
2026-05-06,707000,707000,677000,698000,813564,-0.99
2026-05-07,698000,698000,677000,694000,604589,-0.57
2026-05-08,683000,694000,671000,678000,460537,-2.31
2026-05-11,670000,693000,651000,684000,850986,0.88
2026-05-12,676000,680000,616000,629000,1349091,-8.04
2026-05-13,612000,645000,600000,634000,788819,0.79
2026-05-14,663000,665000,623000,636000,712838,0.32
2026-05-15,629000,668000,603000,614000,1100294,-3.46
2026-05-18,592000,616000,565000,613000,554836,-0.16
2026-05-19,612000,621000,570000,587000,511340,-4.24
2026-05-20,580000,584000,548000,570000,691785,-2.9
2026-05-21,592000,616000,578000,616000,516899,8.07
2026-05-22,640000,657000,627000,647000,652607,5.03
2026-05-26,666000,667000,631000,642000,481983,-0.77
2026-05-27,636000,674000,629000,630000,799920,-1.87
2026-05-28,660000,691000,643000,676000,1585322,7.3
2026-05-29,680000,707000,657000,688000,2040080,1.78
2026-06-01,679000,679000,650000,652000,854997,-5.23
2026-06-02,641000,670000,595000,602000,1018750,-7.67
2026-06-04,604000,624000,586000,607000,466801,0.83
2026-06-05,599000,601000,555000,568000,542951,-6.43
2026-06-08,504000,525000,499500,503000,624954,-11.44
2026-06-09,516000,527000,488000,515000,590666,2.39
2026-06-10,509000,524000,482000,496500,514326,-3.59
2026-06-11,476500,498500,466500,498500,498703,0.4
2026-06-12,531000,570000,520000,539000,677491,8.12
2026-06-15,566000,573000,542000,553000,531797,2.6
2026-06-16,564000,565000,546000,549000,352915,-0.72
2026-06-17,556000,556000,536000,550000,257980,0.18
2026-06-18,543000,544000,520000,522000,391100,-5.09
2026-06-19,527000,582000,527000,555000,964995,6.32
2026-06-22,564000,570000,530000,533000,435643,-3.96
2026-06-23,534000,547000,469000,469000,712421,-12.01
2026-06-24,478500,495500,467500,489000,580727,4.26
2026-06-25,501000,512000,479000,481000,430322,-1.64
2026-06-26,480000,496000,442000,455000,580098,-5.41
2026-06-29,468500,514000,459500,512000,737533,12.53
2026-06-30,504000,511000,485000,487000,564868,-4.88
2026-07-01,501000,504000,478000,491000,431232,0.82
2026-07-02,486000,493500,459500,470500,451674,-4.18
2026-07-03,471000,471000,429000,467500,498975,-0.64
