Date,Close,UpDown,Comp,Change,Open,High,Low,Volume,Amount,MarCap
2022-12-01,2479.84,1,7.31,0.3,2501.43,2501.43,2474.33,491383400,8850099247038,1959622742842372.8
2022-12-02,2434.33,2,-45.51,-1.84,2471.5,2471.5,2434.33,468847334,7328393301881,1924204751365239.2
2022-12-05,2419.32,2,-15.01,-0.62,2442.17,2442.22,2413.05,385586134,7717406208213,1911915922637855.2
2022-12-06,2393.16,2,-26.16,-1.08,2397.7,2416.88,2390.2,368635781,6477022385590,1891336961499674.0
2022-12-07,2382.81,2,-10.35,-0.43,2385.87,2394.88,2377.98,332586789,6080662497686,1882795765140146.0
2022-12-08,2371.08,2,-11.73,-0.49,2386.9,2387.95,2357.2,351939439,7552996919747,1873438918318868.8
2022-12-09,2389.04,1,17.96,0.76,2382.73,2390.08,2367.25,315674287,7220197808267,1888379555760614.0
2022-12-12,2373.02,2,-16.02,-0.67,2373.58,2381.87,2368.47,499224684,5822259612423,1875700660827307.2
2022-12-13,2372.4,2,-0.62,-0.03,2385.05,2388.27,2364.87,447565388,6659361034224,1874838727660788.0
2022-12-14,2399.25,1,26.85,1.13,2380.81,2400.18,2379.44,409799402,5724107192073,1895655040773680.8
2022-12-15,2360.97,2,-38.28,-1.6,2383.83,2392.11,2360.95,375386441,6134217159398,1865842784271843.2
2022-12-16,2360.02,2,-0.95,-0.04,2329.75,2360.44,2326.83,414172006,7206180401653,1865107455187511.2
2022-12-19,2352.17,2,-7.85,-0.33,2350.78,2358.76,2342.28,323987461,5018051573386,1859031540760755.2
2022-12-20,2333.29,2,-18.88,-0.8,2344.73,2353.86,2324.66,358771039,5335838130528,1844296008436715.2
2022-12-21,2328.95,2,-4.34,-0.19,2346.39,2347.0,2325.78,329724466,5102489702486,1840550908652687.2
2022-12-22,2356.73,1,27.78,1.19,2340.0,2356.73,2335.75,553052921,9460858960619,1863411614401840.0
2022-12-23,2313.69,2,-43.04,-1.83,2325.86,2333.08,2311.9,366988585,5935798139102,1829395536163727.2
2022-12-26,2317.14,1,3.45,0.15,2312.54,2321.92,2304.2,427844636,5205750204132,1831727639591539.2
2022-12-27,2332.79,1,15.65,0.68,2327.52,2335.99,2321.48,448498792,7126994120167,1844141209320556.8
2022-12-28,2280.45,2,-52.34,-2.24,2296.45,2296.45,2276.9,405893520,7566892910919,1801877942940295.2
2022-12-29,2236.4,2,-44.05,-1.93,2265.73,2272.67,2236.38,361194425,6036542050335,1767235220931085.0
2023-01-02,2225.67,2,-10.73,-0.48,2249.95,2259.88,2222.37,346344799,5200137586818,1759241799519040.0
2023-01-03,2218.68,2,-6.99,-0.31,2230.98,2230.98,2180.67,410245325,6149082624890,1753771077018843.0
2023-01-04,2255.98,1,37.3,1.68,2205.98,2260.06,2198.82,412841149,6487597995523,1783808765569816.0
2023-01-05,2264.65,1,8.67,0.38,2268.2,2281.39,2252.97,430977022,7521178466245,1791816776272757.0
2023-01-06,2289.97,1,25.32,1.12,2253.4,2300.62,2253.27,398606581,6764112169245,1811418923114710.0
2023-01-09,2350.19,1,60.22,2.63,2315.87,2351.06,2312.56,342095527,7028980630776,1858632832938702.0
2023-01-10,2351.31,1,1.12,0.05,2348.04,2370.18,2344.18,359914195,6702908456279,1859599298527136.8
2023-01-11,2359.53,1,8.22,0.35,2364.05,2369.66,2350.36,369010952,6297145034283,1865737441088174.0
2023-01-12,2365.1,1,5.57,0.24,2376.72,2377.8,2358.33,580433350,7837776879492,1870238983001540.8
2023-01-13,2386.09,1,20.99,0.89,2377.34,2397.01,2375.78,862230157,6976741116461,1886570606528872.0
2023-01-16,2399.86,1,13.77,0.58,2390.06,2410.22,2387.61,517762227,6532806968677,1897375181962087.2
2023-01-17,2379.39,2,-20.47,-0.85,2400.92,2404.0,2374.65,536811108,6314017773643,1881433258560147.2
2023-01-18,2368.32,2,-11.07,-0.47,2380.36,2383.0,2356.84,537392995,5498577136647,1872694001860234.0
2023-01-19,2380.34,1,12.02,0.51,2354.56,2380.34,2354.56,370098909,5448179058653,1882551676807928.8
2023-01-20,2395.26,1,14.92,0.63,2380.0,2395.97,2372.57,302506895,5025541430084,1895790658564122.0
2023-01-25,2428.57,1,33.31,1.39,2426.58,2432.71,2421.51,550087246,6665406114846,1922275331006548.8
2023-01-26,2468.65,1,40.08,1.65,2436.18,2468.65,2426.4,486831888,8206398683439,1953918425527295.2
2023-01-27,2484.02,1,15.37,0.62,2474.52,2497.4,2464.53,509288123,9092446576759,1966558578500388.8
2023-01-30,2450.47,2,-33.55,-1.35,2484.64,2491.13,2446.59,475410252,9220413382464,1940151030295828.0
2023-01-31,2425.08,2,-25.39,-1.04,2449.92,2457.48,2423.37,617195639,10394784014909,1918934214743307.2
2023-02-01,2449.8,1,24.72,1.02,2446.03,2453.29,2433.37,666296326,8596020942471,1938780673481178.0
2023-02-02,2468.88,1,19.08,0.78,2481.94,2486.2,2454.6,693116445,9121677725259,1953996214062839.2
2023-02-03,2480.4,1,11.52,0.47,2466.54,2485.08,2460.21,496860518,8027060871807,1963172031301668.8
2023-02-06,2438.19,2,-42.21,-1.7,2461.82,2469.42,2438.04,566819415,7671311282395,1929318577658651.2
2023-02-07,2451.71,1,13.52,0.55,2440.14,2456.17,2432.4,451159027,7594010675216,1939610902822855.2
2023-02-08,2483.64,1,31.93,1.3,2469.42,2487.35,2465.96,415677405,8001678048694,1965482079981468.0
2023-02-09,2481.52,2,-2.12,-0.09,2470.66,2487.14,2466.61,610694361,8986377129166,1963858470722852.0
2023-02-10,2469.73,2,-11.79,-0.48,2470.65,2473.8,2454.74,662365593,8402618515942,1954699936947872.0
2023-02-13,2452.7,2,-17.03,-0.69,2461.96,2462.58,2440.86,486398581,7371040643718,1942812751685928.8
2023-02-14,2465.64,1,12.94,0.53,2471.33,2480.34,2459.83,349432106,6738873534337,1953249936043947.2
2023-02-15,2427.9,2,-37.74,-1.53,2473.09,2473.44,2424.16,387066656,8758717823542,1923761984206842.0
2023-02-16,2475.48,1,47.58,1.96,2444.06,2475.99,2442.07,388027117,9170362763358,1961021978369659.2
2023-02-17,2451.21,2,-24.27,-0.98,2447.66,2471.51,2445.74,514047410,8364504360476,1941744158386502.0
2023-02-20,2455.12,1,3.91,0.16,2453.25,2463.17,2430.27,390012511,7535474328847,1944743466978690.0
2023-02-21,2458.96,1,3.84,0.16,2457.51,2466.07,2446.0,494660925,7333623297130,1943888913979410.0
2023-02-22,2417.68,2,-41.28,-1.68,2430.87,2435.98,2416.16,427481883,8386250227119,1911701229124747.2
2023-02-23,2439.09,1,21.41,0.89,2430.01,2449.62,2422.62,400991556,7451976722535,1928501536241600.0
2023-02-24,2423.61,2,-15.48,-0.63,2442.49,2452.97,2421.47,369900381,6991100390024,1915633306309892.8
2023-02-27,2402.64,2,-20.97,-0.87,2405.42,2405.56,2383.76,357218105,6598229950675,1898711780871791.2
2023-02-28,2412.85,1,10.21,0.42,2417.58,2431.67,2407.29,529789810,9274200246571,1906496015272827.2
2023-03-02,2427.85,1,15.0,0.62,2414.61,2440.59,2411.85,428342155,9660273967406,1918505110373528.8
2023-03-03,2432.07,1,4.22,0.17,2438.73,2442.1,2423.08,371881849,7845380172919,1921472037049278.0
2023-03-06,2462.62,1,30.55,1.26,2452.46,2464.45,2441.07,418813757,9781226495947,1945884266663628.0
2023-03-07,2463.35,1,0.73,0.03,2457.04,2475.73,2455.65,450481378,10732465515437,1945941991553062.0
2023-03-08,2431.91,2,-31.44,-1.28,2435.58,2442.61,2426.52,438358914,9967055495184,1922025068502531.2
2023-03-09,2419.09,2,-12.82,-0.53,2440.79,2444.2,2416.25,476374647,10357638632974,1911583468201648.0
2023-03-10,2394.59,2,-24.5,-1.01,2389.82,2400.87,2383.19,413411029,7875520120082,1892450859293944.0
2023-03-13,2410.6,1,16.01,0.67,2400.45,2413.24,2369.79,380739619,7702302033185,1904640758031550.0
2023-03-14,2348.97,2,-61.63,-2.56,2390.36,2390.78,2348.19,485075534,7794604350782,1856250945275278.0
2023-03-15,2379.72,1,30.75,1.31,2380.09,2395.36,2370.77,443751262,7591756283752,1880140744498524.0
2023-03-16,2377.91,2,-1.81,-0.08,2357.98,2382.79,2346.11,320194084,7865786658708,1878507613036092.0
2023-03-17,2395.69,1,17.78,0.75,2403.7,2405.35,2382.8,364175642,8617060403941,1893380948607248.8
2023-03-20,2379.2,2,-16.49,-0.69,2391.87,2405.99,2378.7,346033948,6072911062048,1879711532221878.0
2023-03-21,2388.35,1,9.15,0.38,2396.54,2399.52,2383.17,355194640,7269040131335,1886502691939232.0
2023-03-22,2416.96,1,28.61,1.2,2411.25,2417.47,2402.78,501412159,7890323068701,1908726634719028.0
2023-03-23,2424.48,1,7.52,0.31,2398.27,2424.48,2397.91,567703733,10367436910717,1914529715835900.0
2023-03-24,2414.96,2,-9.52,-0.39,2421.27,2423.76,2399.49,470659232,9248183928115,1907314609899919.2
2023-03-27,2409.22,2,-5.74,-0.24,2423.94,2423.94,2395.97,472847242,8534649614320,1902810299354672.0
2023-03-28,2434.94,1,25.72,1.07,2418.69,2434.94,2415.34,524016141,8812617627205,1923151536114984.8
2023-03-29,2443.92,1,8.98,0.37,2432.63,2443.95,2428.61,497218499,8829888945168,1930378482206591.2
2023-03-30,2453.16,1,9.24,0.38,2452.97,2462.7,2439.43,629052032,10846639791891,1937575538312040.8
2023-03-31,2476.86,1,23.7,0.97,2459.94,2481.24,2456.54,722612208,12903370005323,1957926358388616.0
2023-04-03,2472.34,2,-4.52,-0.18,2485.81,2485.81,2467.59,811723687,11300345587698,1954443677108912.8
2023-04-04,2480.51,1,8.17,0.33,2475.87,2489.71,2472.79,832555311,13496867045151,1960644519068079.2
2023-04-05,2495.21,1,14.7,0.59,2482.61,2497.61,2478.67,632719928,9811876730903,1972182473615840.8
2023-04-06,2459.23,2,-35.98,-1.44,2488.0,2488.0,2458.5,751378076,11332652707404,1943849428822128.8
2023-04-07,2490.41,1,31.18,1.27,2478.64,2493.06,2473.89,586992797,11250171223896,1969009466863068.8
2023-04-10,2512.08,1,21.67,0.87,2491.68,2519.99,2490.17,717648069,13539855326610,1986876446769952.8
2023-04-11,2547.86,1,35.78,1.42,2523.33,2550.97,2514.42,768175552,14050594716001,2014288065974223.2
2023-04-12,2550.64,1,2.78,0.11,2546.36,2561.37,2536.23,900749506,14426258754523,2016495718468032.8
2023-04-13,2561.66,1,11.02,0.43,2534.71,2561.66,2531.07,841719152,11996436001118,2024512511224487.2
2023-04-14,2571.49,1,9.83,0.38,2580.1,2581.74,2560.53,892445555,13088200741018,2032335488318426.0
2023-04-17,2575.91,1,4.42,0.17,2570.3,2577.08,2561.14,775752420,12793677906915,2036226925706043.2
2023-04-18,2571.09,2,-4.82,-0.19,2582.23,2582.23,2557.19,896932434,14106396003998,2032968741986688.0
2023-04-19,2575.08,1,3.99,0.16,2570.06,2582.11,2568.46,956994366,12750865238015,2036483235961876.8
2023-04-20,2563.11,2,-11.97,-0.46,2566.06,2573.94,2552.06,951423099,12415524184621,2026470351235575.2
2023-04-21,2544.4,2,-18.71,-0.73,2556.7,2559.44,2532.32,970397971,12614672834698,2012374091597670.0
2023-04-24,2523.5,2,-20.9,-0.82,2538.36,2541.89,2518.73,927191299,11589467033126,1996621732458124.8
2023-04-25,2489.02,2,-34.48,-1.37,2531.35,2531.35,2472.33,886421798,13681150419767,1967147727128900.0
2023-04-26,2484.83,2,-4.19,-0.17,2489.49,2498.56,2481.38,1089215527,12397513675358,1964553908314712.0
2023-04-27,2495.81,1,10.98,0.44,2484.31,2499.01,2465.83,733499935,11142114587400,1974101089770740.8
2023-04-28,2501.53,1,5.72,0.23,2511.79,2517.13,2489.58,777535095,14024831081451,1979839469128982.0
2023-05-02,2524.39,1,22.86,0.91,2504.01,2524.42,2503.21,701398536,9942386589950,1997496492608915.2
2023-05-03,2501.4,2,-22.99,-0.91,2510.19,2514.37,2497.83,889609358,9865860702590,1979410344840207.2
2023-05-04,2500.94,2,-0.46,-0.02,2494.82,2502.14,2486.09,810178245,10020006022499,1978572080421787.2
2023-05-08,2513.21,1,12.27,0.49,2518.53,2525.84,2511.13,655536077,9213044478015,1989045053273087.2
2023-05-09,2510.06,2,-3.15,-0.13,2512.34,2514.81,2495.63,751646926,9351366513394,1986578323550486.0
2023-05-10,2496.51,2,-13.55,-0.54,2505.96,2510.13,2488.42,635635038,8906696780352,1976264332781152.0
2023-05-11,2491.0,2,-5.51,-0.22,2505.57,2513.82,2490.08,648134386,9002406636659,1971727644861108.8
2023-05-12,2475.42,2,-15.58,-0.63,2487.35,2487.35,2472.45,798229990,8589238141803,1959471273376324.0
2023-05-15,2479.35,1,3.93,0.16,2469.8,2479.35,2455.99,484564791,6920284584591,1962067053701407.2
2023-05-16,2480.24,1,0.89,0.04,2494.4,2498.54,2474.9,628743773,8086955877418,1963631010474388.8
2023-05-17,2494.66,1,14.42,0.58,2479.65,2498.37,2475.02,564411579,7218305741975,1975030171147455.2
2023-05-18,2515.4,1,20.74,0.83,2511.09,2515.4,2500.01,572764581,7782864340886,1992171060284570.0
2023-05-19,2537.79,1,22.39,0.89,2530.83,2538.31,2524.89,570097445,9199949186896,2010735982943882.0
2023-05-22,2557.08,1,19.29,0.76,2540.03,2564.09,2533.5,593619969,8214575194453,2025540376904414.0
2023-05-23,2567.55,1,10.47,0.41,2565.8,2577.32,2561.1,576045359,7443352810396,2033435645642930.0
2023-05-24,2567.45,2,-0.1,0.0,2557.11,2572.21,2555.04,1072440018,7900596208889,2032739545215492.8
2023-05-25,2554.69,2,-12.76,-0.5,2570.64,2575.05,2551.49,917553486,9416538885100,2022841850227514.0
2023-05-26,2558.81,1,4.12,0.16,2561.94,2567.5,2553.79,634759104,9401899255628,2027393063603788.0
2023-05-30,2585.52,1,26.71,1.04,2582.41,2586.22,2574.82,641646565,11066254182072,2048101558653343.2
2023-05-31,2577.12,2,-8.4,-0.32,2586.03,2596.31,2575.98,686186797,15135110642978,2039961429934852.0
2023-06-01,2569.17,2,-7.95,-0.31,2572.56,2580.15,2565.0,675233437,9168501896122,2034185276404731.2
2023-06-02,2601.36,1,32.19,1.25,2586.27,2601.38,2583.88,569619542,9383534584159,2059938045733047.2
2023-06-05,2615.41,1,14.05,0.54,2617.43,2618.62,2608.01,545879707,8566306664573,2070761231989574.0
2023-06-07,2615.6,1,0.19,0.01,2623.46,2629.92,2613.68,537616723,10152915448875,2070757365300596.0
2023-06-08,2610.85,2,-4.75,-0.18,2609.21,2612.39,2595.33,581325177,11473710023538,2067265951520122.0
2023-06-09,2641.16,1,30.31,1.16,2624.15,2644.7,2618.45,583219035,11128065460568,2091571202657558.0
2023-06-12,2629.35,2,-11.81,-0.45,2647.49,2650.45,2623.43,557056391,9365137234910,2082259638214132.0
2023-06-13,2637.95,1,8.6,0.33,2644.43,2645.62,2633.52,694320536,11153307465910,2092104300796508.0
2023-06-14,2619.08,2,-18.87,-0.72,2640.81,2642.86,2614.25,654404452,13100475117196,2077106421774783.2
2023-06-15,2608.54,2,-10.54,-0.4,2629.24,2634.22,2602.52,582437342,11513806869991,2068930296159040.0
2023-06-16,2625.79,1,17.25,0.66,2623.57,2625.79,2612.21,673673049,12620601901546,2083070962834296.8
2023-06-19,2609.5,2,-16.29,-0.62,2618.06,2619.44,2600.49,719549044,11096633448246,2069459013219872.8
2023-06-20,2604.91,2,-4.59,-0.18,2602.83,2610.03,2596.82,722540797,10880371631739,2066709392982495.2
2023-06-21,2582.63,2,-22.28,-0.86,2599.19,2600.97,2579.52,659798470,10654263369764,2049490170676983.2
2023-06-22,2593.7,1,11.07,0.43,2575.65,2597.76,2575.65,613221379,8937920367446,2058310973700555.2
2023-06-23,2570.1,2,-23.6,-0.91,2599.04,2600.81,2568.07,528307350,8548516965675,2039950788327824.8
2023-06-26,2582.2,1,12.1,0.47,2568.65,2585.31,2562.03,481750510,8437663307773,2050227831614436.0
2023-06-27,2581.39,2,-0.81,-0.03,2581.02,2582.0,2568.52,538509244,8592191725938,2049390122781708.8
2023-06-28,2564.19,2,-17.2,-0.67,2590.52,2590.52,2559.46,488767961,8814328693756,2036006512301900.8
2023-06-29,2550.02,2,-14.17,-0.55,2564.02,2577.69,2550.02,604508630,8824942470147,2024884368206492.8
2023-06-30,2564.28,1,14.26,0.56,2558.43,2571.03,2541.72,510933786,8209120592849,2035090950255639.2
2023-07-03,2602.47,1,38.19,1.49,2580.89,2604.63,2580.49,618006181,8973590145582,2065043586311662.0
2023-07-04,2593.31,2,-9.16,-0.35,2604.72,2607.66,2591.86,674410584,9160795651560,2057900764652467.2
2023-07-05,2579.0,2,-14.31,-0.55,2593.47,2601.99,2578.66,601088685,10257664064971,2046820450881864.8
2023-07-06,2556.29,2,-22.71,-0.88,2574.75,2575.45,2550.67,531900313,10291029204298,2028715707609856.8
2023-07-07,2526.71,2,-29.58,-1.16,2547.41,2547.41,2515.07,613265045,10367353235625,2005107083038451.2
2023-07-10,2520.7,2,-6.01,-0.24,2528.08,2539.63,2517.67,561821159,9698695577307,2000075614664244.0
2023-07-11,2562.49,1,41.79,1.66,2538.84,2562.49,2534.48,594134894,10596470857533,2033589693802315.2
2023-07-12,2574.72,1,12.23,0.48,2557.61,2574.73,2554.26,696924185,13229937627765,2043134138621224.8
2023-07-13,2591.23,1,16.51,0.64,2589.89,2602.21,2587.75,585660777,13258009580486,2056144809692996.8
2023-07-14,2628.3,1,37.07,1.43,2607.47,2628.3,2603.36,569815109,14285300247019,2085155474574010.0
2023-07-17,2619.0,2,-9.3,-0.35,2617.67,2627.12,2611.55,550569962,11732182232324,2077680979796136.8
2023-07-18,2607.62,2,-11.38,-0.43,2624.59,2626.89,2600.67,493202186,12003817042366,2068793755872192.8
2023-07-19,2608.24,1,0.62,0.02,2622.24,2622.54,2598.52,440073850,11231685664367,2069336033687290.0
2023-07-20,2600.23,2,-8.01,-0.31,2595.38,2611.34,2589.29,372364710,9473223686191,2063004507308507.2
2023-07-21,2609.76,1,9.53,0.37,2581.06,2609.76,2570.58,501871967,12258800016184,2069758933412275.2
2023-07-24,2628.53,1,18.77,0.72,2608.47,2636.06,2595.21,529363268,19050421144820,2083819624716787.2
2023-07-25,2636.46,1,7.93,0.3,2643.35,2646.71,2621.6,723471549,19204604621912,2090016052441822.0
2023-07-26,2592.36,2,-44.1,-1.67,2638.76,2639.21,2580.98,834106504,36348205551673,2054936941256622.0
2023-07-27,2603.81,1,11.45,0.44,2599.82,2617.61,2586.36,594162667,24076448886729,2064695783012002.0
2023-07-28,2608.32,1,4.51,0.17,2593.67,2609.54,2586.33,503267298,16807323601605,2068133763181406.0
2023-07-31,2632.58,1,24.26,0.93,2628.87,2639.45,2622.21,454242638,15688014180464,2085912205406964.8
2023-08-01,2667.07,1,34.49,1.31,2644.34,2668.21,2639.1,493643248,15851940748272,2113135323242811.2
2023-08-02,2616.47,2,-50.6,-1.9,2651.53,2660.9,2611.77,704673842,16001903871479,2073668620072458.0
2023-08-03,2605.39,2,-11.08,-0.42,2624.76,2625.45,2591.3,789416273,14921529311997,2064281827431858.0
2023-08-04,2602.8,2,-2.59,-0.1,2606.17,2612.3,2598.38,645750159,10971353099785,2061747668228012.8
2023-08-07,2580.71,2,-22.09,-0.85,2591.58,2607.36,2580.71,504070760,11894470648556,2044894112432768.0
2023-08-08,2573.98,2,-6.73,-0.26,2598.29,2601.41,2568.15,638418712,12435381687044,2039632194238016.8
2023-08-09,2605.12,1,31.14,1.21,2580.6,2608.98,2576.21,467526732,10326262318499,2064557282952060.0
2023-08-10,2601.56,2,-3.56,-0.14,2592.4,2601.56,2590.02,568155109,11349005297143,2061336432491364.0
2023-08-11,2591.26,2,-10.3,-0.4,2611.25,2616.84,2589.94,675389953,10513465946903,2053371190885500.8
2023-08-14,2570.87,2,-20.39,-0.79,2586.51,2592.91,2561.88,624377647,9995329422745,2037188539913534.0
2023-08-16,2525.64,2,-45.23,-1.76,2550.13,2550.53,2520.87,685135617,12025529175862,2001820771407344.0
2023-08-17,2519.85,2,-5.79,-0.23,2512.92,2520.56,2482.06,735132744,10727642034665,1997270646126948.0
2023-08-18,2504.5,2,-15.35,-0.61,2495.18,2519.6,2489.63,557784633,10776836338403,1985148457311986.0
2023-08-21,2508.8,1,4.3,0.17,2511.7,2524.41,2505.59,399458711,8524817791134,1988814382258267.2
2023-08-22,2515.74,1,6.94,0.28,2528.39,2533.43,2509.53,471808571,9270272191698,1994100740867846.0
2023-08-23,2505.5,2,-10.24,-0.41,2510.0,2517.51,2499.89,547169704,8577994375668,1986575329001002.0
2023-08-24,2537.68,1,32.18,1.28,2531.78,2539.44,2520.73,441140168,10099466159245,2012082432960052.0
2023-08-25,2519.14,2,-18.54,-0.73,2505.39,2526.37,2502.05,577383852,8302851242350,1997701491140052.0
2023-08-28,2543.41,1,24.27,0.96,2534.42,2543.41,2525.64,483587568,8221905557756,2015825900484564.0
2023-08-29,2552.16,1,8.75,0.34,2550.76,2556.98,2545.27,441365852,8275017288825,2022518944004772.8
2023-08-30,2561.22,1,9.06,0.35,2575.42,2578.62,2561.22,364003001,7765444580940,2029672344990078.0
2023-08-31,2556.27,2,-4.95,-0.19,2564.45,2568.06,2547.72,473168805,11334960549622,2025220695461871.2
2023-09-01,2563.71,1,7.44,0.29,2551.93,2568.42,2551.04,493367317,10029746225521,2033321986422776.0
2023-09-04,2584.55,1,20.84,0.81,2566.93,2584.55,2560.32,342072516,8699609485382,2050034095713728.0
2023-09-05,2582.18,2,-2.37,-0.09,2578.91,2586.65,2575.19,384579023,7590068827455,2048141824784019.2
2023-09-06,2563.34,2,-18.84,-0.73,2577.41,2585.98,2560.09,422126144,7626693242222,2033216059472071.2
2023-09-07,2548.26,2,-15.08,-0.59,2554.87,2562.42,2539.24,377270533,8325826544902,2021630331132979.2
2023-09-08,2547.68,2,-0.58,-0.02,2546.07,2550.96,2530.05,396289098,7718992573949,2020844443791382.0
2023-09-11,2556.88,1,9.2,0.36,2549.88,2556.89,2540.44,411070381,8340732785019,2027845902421820.0
2023-09-12,2536.58,2,-20.3,-0.79,2566.42,2568.55,2535.15,359409844,8927207173581,2012514265092078.0
2023-09-13,2534.7,2,-1.88,-0.07,2536.22,2549.38,2528.18,417576035,9270998787030,2011458185180640.0
2023-09-14,2572.89,1,38.19,1.51,2544.89,2572.89,2541.11,412509123,9577502570729,2041171663656079.2
2023-09-15,2601.28,1,28.39,1.1,2574.98,2611.0,2572.37,441729809,11995227354645,2063455243040380.8
2023-09-18,2574.72,2,-26.56,-1.02,2588.69,2596.55,2573.26,416289507,8772091336958,2042003996189398.0
2023-09-19,2559.21,2,-15.51,-0.6,2579.36,2583.25,2555.46,462342076,7827324888504,2030125918133751.2
2023-09-20,2559.74,1,0.53,0.02,2556.55,2566.62,2551.12,414667757,7571716473907,2030281560024884.8
2023-09-21,2514.97,2,-44.77,-1.75,2544.81,2549.63,2514.96,394676191,7803096968952,1995558490661582.0
2023-09-22,2508.13,2,-6.84,-0.27,2491.45,2513.26,2486.14,433184441,7063027557662,1988872132588095.2
2023-09-25,2495.76,2,-12.37,-0.49,2504.1,2509.38,2486.44,438614599,7459544543909,1979048154958762.0
2023-09-26,2462.97,2,-32.79,-1.31,2493.64,2495.0,2461.59,427476174,7060836784874,1953462572892867.2
2023-09-27,2465.07,1,2.1,0.09,2447.99,2469.72,2445.51,366240767,6761281210971,1955817974945696.8
2023-10-04,2405.69,2,-59.38,-2.41,2435.78,2435.78,2402.84,424858687,10244656479390,1909055583650352.8
2023-10-05,2403.6,2,-2.09,-0.09,2423.35,2426.61,2402.5,451722351,9141360528268,1912222092363540.0
2023-10-06,2408.73,1,5.13,0.21,2408.81,2421.18,2403.92,289391533,6522751201215,1916147548142908.8
2023-10-10,2402.58,2,-6.15,-0.26,2436.58,2448.24,2402.44,416004097,9505946256101,1912039050695451.2
2023-10-11,2450.08,1,47.5,1.98,2436.52,2463.56,2436.52,446948721,9140842858822,1949663797057904.8
2023-10-12,2479.82,1,29.74,1.21,2465.19,2479.82,2464.84,515451710,8929118335738,1973336798717055.2
2023-10-13,2456.15,2,-23.67,-0.95,2460.85,2466.62,2452.83,582883748,7164460134351,1955250761144788.0
2023-10-16,2436.24,2,-19.91,-0.81,2442.43,2453.77,2422.52,788356048,8393099868062,1939007776711860.0
2023-10-17,2460.17,1,23.93,0.98,2454.14,2466.87,2449.42,509375162,7711249611593,1958109580200440.8
2023-10-18,2462.6,1,2.43,0.1,2452.05,2465.33,2450.78,911545886,8897570511380,1960050710811028.0
2023-10-19,2415.8,2,-46.8,-1.9,2431.92,2433.45,2412.55,756946720,9054474474683,1923750595952743.2
2023-10-20,2375.0,2,-40.8,-1.69,2391.54,2394.67,2364.01,521208061,9295958394523,1892280648037690.0
2023-10-23,2357.02,2,-17.98,-0.76,2370.07,2375.79,2354.7,395930159,7117567308934,1877779359812775.2
2023-10-24,2383.51,1,26.49,1.12,2371.55,2384.14,2326.67,444165247,7949284788809,1898106189983308.8
2023-10-25,2363.17,2,-20.34,-0.85,2389.23,2389.9,2362.69,440806736,7832203371912,1882419020271508.0
2023-10-26,2299.08,2,-64.09,-2.71,2325.82,2330.55,2299.08,531072827,9251519468286,1832032727433878.0
2023-10-27,2302.81,1,3.73,0.16,2311.59,2321.84,2293.05,514875992,8009947757095,1834541640781010.0
2023-10-30,2310.55,1,7.74,0.34,2292.34,2317.75,2292.34,444842306,6954632697493,1840684678719156.0
2023-10-31,2277.99,2,-32.56,-1.41,2318.39,2322.45,2273.97,394982283,8233073267951,1815424104493218.0
2023-11-01,2301.56,1,23.57,1.03,2292.89,2312.15,2288.64,358157301,6739277694118,1835317635644088.0
2023-11-02,2343.12,1,41.56,1.81,2334.96,2351.91,2333.41,377461502,7679304707201,1868116867300456.0
2023-11-03,2368.34,1,25.22,1.08,2365.59,2370.28,2351.83,578661884,8040958355185,1887967827119667.2
2023-11-06,2502.37,1,134.03,5.66,2399.8,2502.37,2395.03,528584832,15225479879466,1991919718242366.0
2023-11-07,2443.96,2,-58.41,-2.33,2476.35,2476.35,2418.74,457675546,12086569930572,1947075246916667.2
2023-11-08,2421.62,2,-22.34,-0.91,2460.22,2468.43,2418.14,467217484,7667332335588,1929362639610315.2
2023-11-09,2427.08,1,5.46,0.23,2425.93,2437.9,2413.04,395030998,7288448335831,1933622735939370.0
2023-11-10,2409.66,2,-17.42,-0.72,2406.4,2413.62,2393.64,312467956,5825602011829,1923177297058820.0
2023-11-13,2403.76,2,-5.9,-0.24,2431.24,2435.32,2399.04,307123090,5934172518663,1918619318859372.8
2023-11-14,2433.25,1,29.49,1.23,2424.93,2442.37,2422.97,306963703,6382101015771,1942197247569900.8
2023-11-15,2486.67,1,53.42,2.2,2482.21,2487.42,2468.43,419843260,9328219011281,1984033040962156.0
2023-11-16,2488.18,1,1.51,0.06,2483.48,2491.98,2472.69,407440839,6806413707780,1985488314205202.0
2023-11-17,2469.85,2,-18.33,-0.74,2477.43,2481.1,2463.59,388973752,8129523115949,1974347791077874.0
2023-11-20,2491.2,1,21.35,0.86,2464.72,2499.75,2464.04,323806345,6586444840432,1990537959330634.0
2023-11-21,2510.42,1,19.22,0.77,2504.7,2517.74,2500.91,345054695,7713376763040,2005723541732152.0
2023-11-22,2511.7,1,1.28,0.05,2493.17,2516.72,2490.43,439485471,7755315532472,2006109849579440.8
2023-11-23,2514.96,1,3.26,0.13,2515.83,2522.2,2507.3,360873812,6577868002160,2009135899576999.2
2023-11-24,2496.63,2,-18.33,-0.73,2517.88,2521.56,2496.63,359382702,6537960544304,1995161445843404.0
2023-11-27,2495.66,2,-0.97,-0.04,2501.83,2511.37,2489.18,364743731,8376475664368,1994294784796634.0
2023-11-28,2521.76,1,26.1,1.05,2506.14,2522.45,2502.26,443089715,8753423571555,2017729235777968.8
2023-11-29,2519.81,2,-1.95,-0.08,2518.8,2523.98,2501.44,579271100,9428200342491,2015729696100694.0
2023-11-30,2535.29,1,15.48,0.61,2512.11,2535.29,2507.8,664284035,11992488473054,2027777361360739.2
2023-12-01,2505.01,2,-30.28,-1.19,2520.49,2520.49,2504.06,516596238,8837749634076,2004297452965198.0
2023-12-04,2514.95,1,9.94,0.4,2522.22,2525.63,2510.52,498860818,8772366761173,2012605764241432.0
2023-12-05,2494.28,2,-20.67,-0.82,2507.45,2509.74,2492.55,427066848,8300521654842,1995841254871312.0
2023-12-06,2495.38,1,1.1,0.04,2503.57,2509.67,2495.38,390989432,7685319935995,1996748972275816.8
2023-12-07,2492.07,2,-3.31,-0.13,2493.14,2499.73,2481.0,446877270,8127635646232,1993881026629664.8
2023-12-08,2517.85,1,25.78,1.03,2510.24,2521.58,2507.14,431796634,7916793470777,2014785074596234.0
2023-12-11,2525.36,1,7.51,0.3,2524.79,2528.89,2512.45,435003610,8260507908287,2021014751891688.8
2023-12-12,2535.27,1,9.91,0.39,2535.11,2543.06,2529.74,378033628,7732529685587,2029469553428360.0
2023-12-13,2510.66,2,-24.61,-0.97,2531.23,2531.23,2509.89,377934427,7513616958089,2010099879260123.2
2023-12-14,2544.18,1,33.52,1.34,2547.74,2549.65,2532.16,530123485,12960670969677,2036471107001660.0
2023-12-15,2563.56,1,19.38,0.76,2558.44,2574.23,2555.3,465313553,12873295143562,2052134143905219.2
2023-12-18,2566.86,1,3.3,0.13,2568.77,2573.13,2556.05,384828383,10181567999906,2053934297383476.0
2023-12-19,2568.55,1,1.69,0.07,2564.81,2570.06,2556.52,392497373,8418110713633,2054764998811186.0
2023-12-20,2614.3,1,45.75,1.78,2586.99,2615.38,2584.85,570423377,11202542825393,2091168204270216.0
2023-12-21,2600.02,2,-14.28,-0.55,2598.37,2610.81,2587.16,578334789,9467808991589,2080482827882262.0
2023-12-22,2599.51,2,-0.51,-0.02,2617.72,2621.37,2599.51,465967201,8848287882829,2082855844704432.0
2023-12-26,2602.59,1,3.08,0.12,2609.44,2612.14,2594.65,440428129,9582765574870,2085608165140366.0
2023-12-27,2613.5,1,10.91,0.42,2599.35,2613.5,2590.08,349733378,10359763878782,2093997127111758.0
2023-12-28,2655.28,1,41.78,1.6,2616.27,2655.28,2611.72,460086621,9418929602384,2126372515851046.0
2024-01-02,2669.81,1,14.53,0.55,2645.47,2675.8,2641.88,409871688,9628190129018,2147223894556880.8
2024-01-03,2607.31,2,-62.5,-2.34,2643.54,2643.72,2607.31,463131608,10121578328315,2096573473823720.8
2024-01-04,2587.02,2,-20.29,-0.78,2592.44,2602.64,2580.09,770176172,8992273956601,2081862659594752.0
2024-01-05,2578.08,2,-8.94,-0.35,2586.89,2592.29,2572.6,522289892,8384472928787,2075148802709824.0
2024-01-08,2567.82,2,-10.26,-0.4,2584.23,2591.68,2566.34,320143990,6763632029996,2067290656237408.0
2024-01-09,2561.24,2,-6.58,-0.26,2598.31,2599.37,2556.0,791214273,8896714487368,2061575745648288.8
2024-01-10,2541.98,2,-19.26,-0.75,2563.97,2568.19,2539.82,570021066,8795834820834,2045533566125824.0
2024-01-11,2540.27,2,-1.71,-0.07,2543.03,2557.3,2540.27,788422596,13669889824902,2043896294511727.2
2024-01-12,2525.05,2,-15.22,-0.6,2536.55,2543.83,2517.76,790177187,8368765827550,2047248114238732.8
2024-01-15,2525.99,1,0.94,0.04,2525.69,2536.06,2515.84,802102006,8182706743844,2047779701417268.0
2024-01-16,2497.59,2,-28.4,-1.12,2516.27,2524.35,2491.13,659578602,8828509480164,2024555060865416.0
2024-01-17,2435.9,2,-61.69,-2.47,2501.23,2503.91,2435.34,965595357,11281597951689,1975074608228092.0
2024-01-18,2440.04,1,4.14,0.17,2439.96,2453.97,2429.12,571507487,8300177532644,1978349880698514.0
2024-01-19,2472.74,1,32.7,1.34,2468.43,2479.0,2455.5,518806918,9174537029762,2005853267137231.2
2024-01-22,2464.35,2,-8.39,-0.34,2489.57,2490.69,2464.35,388045571,8419915774574,1999139797919650.0
2024-01-23,2478.61,1,14.26,0.58,2478.32,2482.84,2464.24,472284165,8029400288499,2010744285970351.2
2024-01-24,2469.69,2,-8.92,-0.36,2476.22,2476.22,2454.34,395463694,7446526589060,2003932327419686.0
2024-01-25,2470.34,1,0.65,0.03,2467.73,2474.01,2452.36,357233504,8124338284896,2003599594512515.2
2024-01-26,2478.56,1,8.22,0.33,2458.05,2502.61,2453.45,292662412,7144493302087,2009937343154268.8
2024-01-29,2500.65,1,22.09,0.89,2490.93,2516.92,2483.81,427439639,8958520572993,2034462573480314.0
2024-01-30,2498.81,2,-1.84,-0.07,2523.68,2528.54,2498.81,481808939,8734431084623,2032788176215422.0
2024-01-31,2497.09,2,-1.72,-0.07,2487.9,2502.45,2486.97,454574443,9000429911787,2030032668710527.2
2024-02-01,2542.46,1,45.37,1.82,2491.93,2542.46,2491.93,751074606,13462481624148,2067112301934090.0
2024-02-02,2615.31,1,72.85,2.87,2559.4,2615.34,2559.39,596121129,14368149719486,2126219526202082.0
2024-02-05,2591.31,2,-24.0,-0.92,2612.77,2612.77,2562.5,511677820,12476233311073,2107741572677307.2
2024-02-06,2576.2,2,-15.11,-0.58,2584.2,2599.18,2563.87,411617635,10386506269960,2095645930554876.0
2024-02-07,2609.58,1,33.38,1.3,2592.59,2625.24,2588.09,518182343,11491680255121,2123763208093908.0
2024-02-08,2620.32,1,10.74,0.41,2620.26,2629.51,2610.21,430009355,12493447627224,2132384707693318.0
2024-02-13,2649.64,1,29.32,1.12,2644.17,2656.87,2640.96,559385295,13294428567621,2157419255239932.8
2024-02-14,2620.42,2,-29.22,-1.1,2609.6,2627.31,2601.99,543525036,10107666432067,2134335214502236.8
2024-02-15,2613.8,2,-6.62,-0.25,2643.81,2643.86,2613.8,621363093,10691023734593,2128007409746468.0
2024-02-16,2648.76,1,34.96,1.34,2635.63,2648.76,2625.01,593841761,10221803977167,2156678843913596.0
2024-02-19,2680.26,1,31.5,1.19,2653.12,2683.39,2653.12,422699048,9820891305363,2182000859841736.0
2024-02-20,2657.79,2,-22.47,-0.84,2671.55,2673.84,2643.93,612668186,9999238286778,2164246683674156.0
2024-02-21,2653.31,2,-4.48,-0.17,2656.92,2670.95,2644.04,562144348,9150151196628,2160613141082502.0
2024-02-22,2664.27,1,10.96,0.41,2671.69,2671.69,2653.99,456396847,10278918996172,2169296821127555.2
2024-02-23,2667.7,1,3.43,0.13,2681.03,2694.8,2665.21,415376166,10282074497042,2172012827862754.0
2024-02-26,2647.08,2,-20.62,-0.77,2657.35,2659.6,2629.78,531661427,10950640820454,2154285533222444.0
2024-02-27,2625.05,2,-22.03,-0.83,2654.76,2654.76,2619.38,574301706,12634501574691,2138605308580859.2
2024-02-28,2652.29,1,27.24,1.04,2629.11,2657.32,2623.15,421552569,10266442750037,2160300898648426.0
2024-02-29,2642.36,2,-9.93,-0.37,2643.48,2647.56,2628.62,496064469,12975398337140,2154501763495998.0
2024-03-04,2674.27,1,31.91,1.21,2664.52,2682.8,2662.32,404014324,12680157695305,2180068721681928.0
2024-03-05,2649.4,2,-24.87,-0.93,2660.8,2684.83,2649.35,457237152,12207053152140,2159737907605954.0
2024-03-06,2641.49,2,-7.91,-0.3,2638.84,2649.78,2630.16,378993989,10533005950271,2152385363230447.2
2024-03-07,2647.62,1,6.13,0.23,2653.98,2660.26,2633.57,462910823,10871921043030,2157093122013548.8
2024-03-08,2680.35,1,32.73,1.24,2676.79,2688.0,2668.38,454259855,11479440624975,2183434413990576.0
2024-03-11,2659.84,2,-20.51,-0.77,2665.58,2677.21,2658.74,391384816,8856058910332,2165991239911812.8
2024-03-12,2681.81,1,21.97,0.83,2673.47,2686.14,2659.72,403969278,9731030845026,2183694627398136.8
2024-03-13,2693.57,1,11.76,0.44,2694.71,2701.45,2679.54,498759769,10957571435594,2193638398555052.8
2024-03-14,2718.76,1,25.19,0.94,2698.37,2718.76,2696.31,609288045,14142602900461,2214176883564676.0
2024-03-15,2666.84,2,-51.92,-1.91,2701.91,2705.59,2666.84,584947718,13235768120641,2171246910784166.0
2024-03-18,2685.84,1,19.0,0.71,2678.52,2688.07,2665.28,408182483,9523805666900,2186414425213828.8
2024-03-19,2656.17,2,-29.67,-1.1,2673.57,2673.57,2645.14,695865617,10702804612977,2162284635365968.0
2024-03-20,2690.14,1,33.97,1.28,2680.7,2692.52,2674.09,720451805,12739395278981,2190991693310006.0
2024-03-21,2754.86,1,64.72,2.41,2731.18,2755.45,2724.25,825226939,14013557214292,2244169943853590.0
2024-03-22,2748.56,2,-6.3,-0.23,2751.15,2763.06,2738.18,509545275,11532687277699,2240018470676891.2
2024-03-25,2737.57,2,-10.99,-0.4,2756.59,2763.63,2731.7,489620187,9979717463873,2230450709812806.0
2024-03-26,2757.09,1,19.52,0.71,2756.42,2779.4,2752.27,448300913,12188273305400,2248074960180936.0
2024-03-27,2755.11,2,-1.98,-0.07,2745.0,2762.03,2745.0,510644016,12461944297042,2246759368908432.0
2024-03-28,2745.82,2,-9.29,-0.34,2753.22,2756.86,2742.68,419277948,11925008942773,2239561710047378.0
2024-03-29,2746.63,1,0.81,0.03,2757.27,2757.55,2739.12,495495575,11190102648960,2240537707931380.0
2024-04-01,2747.86,1,1.23,0.04,2766.24,2769.87,2747.4,397600506,10066834746484,2241082877779755.2
2024-04-02,2753.16,1,5.3,0.19,2744.15,2760.33,2737.19,630392908,13116888253006,2247045532300400.8
2024-04-03,2706.97,2,-46.19,-1.68,2730.68,2732.29,2706.97,640806255,13257039663440,2209038426589524.0
2024-04-04,2742.0,1,35.03,1.29,2738.24,2746.39,2727.1,477952756,11978193544511,2238039850882680.0
2024-04-05,2714.21,2,-27.79,-1.01,2713.96,2730.47,2705.31,621030559,11293864180906,2215451533029408.8
2024-04-08,2717.65,1,3.44,0.13,2718.76,2725.58,2706.74,620652526,10560913230739,2218358194498119.2
2024-04-09,2705.16,2,-12.49,-0.46,2733.23,2741.23,2703.96,470183666,10037704753832,2207593683288588.0
2024-04-11,2706.96,1,1.8,0.07,2665.4,2718.07,2661.92,561333352,12789892903761,2209845127261172.8
2024-04-12,2681.82,2,-25.14,-0.93,2710.89,2712.45,2678.21,514575252,11903471260891,2189191729846839.2
2024-04-15,2670.43,2,-11.39,-0.42,2661.36,2673.26,2641.16,561950019,10506647345531,2179146668534823.2
2024-04-16,2609.63,2,-60.8,-2.28,2644.17,2647.6,2601.45,570212078,12257738700180,2129095533863436.8
2024-04-17,2584.18,2,-25.45,-0.98,2619.15,2626.63,2584.18,414348111,9779317782734,2108636206256260.0
2024-04-18,2634.7,1,50.52,1.95,2595.46,2642.03,2593.26,478786204,10571079673653,2148591606593171.2
2024-04-19,2591.86,2,-42.84,-1.63,2600.69,2609.9,2553.55,809473426,14044807236711,2113960517731474.0
2024-04-22,2629.44,1,37.58,1.45,2615.72,2629.44,2604.37,401892185,11021071197748,2143157215871340.0
2024-04-23,2623.02,2,-6.42,-0.24,2632.15,2641.78,2619.72,430275765,9948338030037,2137640962658347.2
2024-04-24,2675.75,1,52.73,2.01,2662.84,2677.85,2662.84,325739636,10227694656817,2180629130374120.8
2024-04-25,2628.62,2,-47.13,-1.76,2646.8,2656.51,2628.62,334062359,8987958983331,2142440794883830.0
2024-04-26,2656.33,1,27.71,1.05,2650.94,2662.1,2641.35,450520678,10148866094724,2164477450575646.0
2024-04-29,2687.44,1,31.11,1.17,2675.46,2687.44,2665.21,470546033,10491387518238,2189691725743463.2
2024-04-30,2692.06,1,4.62,0.17,2693.22,2710.23,2687.29,460083516,11347130197832,2193843858061216.0
2024-05-02,2683.65,2,-8.41,-0.31,2679.04,2692.47,2678.84,351087270,9059052787751,2186876849586271.2
2024-05-03,2676.63,2,-7.02,-0.26,2704.31,2705.26,2676.63,338612027,7850446650277,2180854242187852.0
2024-05-07,2734.36,1,57.73,2.16,2718.17,2734.36,2716.62,532203424,11153672379482,2228259503005163.2
2024-05-08,2745.05,1,10.69,0.39,2732.11,2745.05,2727.93,436315210,10293632989622,2243933670998562.0
2024-05-09,2712.14,2,-32.91,-1.2,2743.29,2749.14,2710.25,423810541,11102793125978,2216794075957826.0
2024-05-10,2727.63,1,15.49,0.57,2737.95,2743.58,2723.21,586133434,11566879277171,2226624818720776.0
2024-05-13,2727.21,2,-0.42,-0.02,2735.2,2738.38,2713.92,625277713,13054660270065,2226373173373836.8
2024-05-14,2730.34,1,3.13,0.11,2732.98,2735.82,2722.74,443295551,9491099959143,2228236340852444.0
2024-05-16,2753.0,1,22.66,0.83,2770.27,2773.46,2748.22,521841311,13253185991139,2246492512784154.0
2024-05-17,2724.62,2,-28.38,-1.03,2751.47,2752.17,2724.62,575936318,11008339216044,2223763413963692.0
2024-05-20,2742.14,1,17.52,0.64,2741.24,2756.41,2734.64,582071105,12502253995995,2237911831916096.8
2024-05-21,2724.18,2,-17.96,-0.65,2733.03,2734.48,2719.74,560818982,10490361130914,2223367539795622.0
2024-05-22,2723.46,2,-0.72,-0.03,2723.46,2733.07,2707.87,484723878,12378510253371,2223391187575664.0
2024-05-23,2721.81,2,-1.65,-0.06,2719.03,2734.27,2704.0,428079461,11449262184318,2222186906186078.0
2024-05-24,2687.6,2,-34.21,-1.26,2693.65,2696.99,2681.17,501638731,12363444691766,2193712334095006.0
2024-05-27,2722.99,1,35.39,1.32,2697.16,2725.08,2693.66,556709910,15847767781392,2222058046281292.0
2024-05-28,2722.85,2,-0.14,-0.01,2715.52,2730.12,2714.34,440956718,11586995502162,2221981776231336.8
2024-05-29,2677.3,2,-45.55,-1.67,2719.56,2721.63,2677.07,438980914,13076460910800,2184383957054232.8
2024-05-30,2635.44,2,-41.86,-1.56,2666.63,2666.63,2635.44,372741998,11132062547655,2150594911810807.2
2024-05-31,2636.52,1,1.08,0.04,2657.87,2664.48,2635.77,613717789,16353906904146,2151017465412147.2
2024-06-03,2682.52,1,46.0,1.74,2657.81,2690.73,2657.81,782329142,13995552060921,2188764087625754.0
2024-06-04,2662.1,2,-20.42,-0.76,2668.73,2679.47,2659.43,773459815,12649033157359,2171834477055724.0
2024-06-05,2689.5,1,27.4,1.03,2681.11,2697.43,2667.63,881481171,13624987518166,2194822320470816.8
2024-06-07,2722.67,1,33.17,1.23,2718.25,2729.63,2705.23,783870642,12465269602613,2221091055961770.0
2024-06-10,2701.17,2,-21.5,-0.79,2698.71,2718.89,2689.19,506891681,11327687402104,2203848894691708.8
2024-06-11,2705.32,1,4.15,0.15,2716.72,2718.88,2702.17,558892980,11776520079436,2206744123013164.0
2024-06-12,2728.17,1,22.85,0.84,2709.65,2730.3,2707.44,511008858,11839575564352,2224929133048683.2
2024-06-13,2754.89,1,26.72,0.98,2764.18,2776.72,2752.61,700027275,19135858383663,2247116756582044.8
2024-06-14,2758.42,1,3.53,0.13,2759.22,2769.16,2750.86,644979251,16187046354733,2250826809499794.0
2024-06-17,2744.1,2,-14.32,-0.52,2754.83,2759.86,2741.03,593985068,12457645927392,2237952930934220.8
2024-06-18,2763.92,1,19.82,0.72,2765.7,2772.35,2759.03,561975111,13269477858739,2254082532058439.0
2024-06-19,2797.33,1,33.41,1.21,2786.16,2799.32,2786.16,646706151,14069563614982,2280984107505914.0
2024-06-20,2807.63,1,10.3,0.37,2802.1,2812.62,2796.37,758165860,13576969980405,2289946832082912.0
2024-06-21,2784.26,2,-23.37,-0.83,2794.87,2797.0,2777.33,631143373,14492984699807,2270593310209150.0
2024-06-24,2764.73,2,-19.53,-0.7,2772.85,2782.9,2758.09,594166310,11082706901587,2257243669014962.0
2024-06-25,2774.39,1,9.66,0.35,2765.76,2780.42,2765.76,714242157,11767747562752,2265008233505110.0
2024-06-26,2792.05,1,17.66,0.64,2767.43,2792.07,2762.98,535034373,11325142857725,2279120474336608.0
2024-06-27,2784.06,2,-7.99,-0.29,2767.62,2784.33,2761.55,397169222,10271109212108,2273422810716470.0
2024-06-28,2797.82,1,13.76,0.49,2792.79,2797.82,2782.4,610550442,11020137988129,2283888693661471.0
2024-07-01,2804.31,1,6.49,0.23,2792.96,2805.95,2783.98,459218341,9945336827186,2289631234045977.0
2024-07-02,2780.86,2,-23.45,-0.84,2798.65,2805.42,2776.62,538842197,11648477198292,2270445338129264.0
2024-07-03,2794.01,1,13.15,0.47,2797.14,2799.7,2774.71,340337982,10243957490730,2281636129094657.0
2024-07-04,2824.94,1,30.93,1.11,2817.06,2824.94,2808.88,393738620,13067110367346,2307278993396211.0
2024-07-05,2862.23,1,37.29,1.32,2836.21,2871.96,2836.21,378159145,13142275173526,2338315470421830.0
2024-07-08,2857.76,2,-4.47,-0.16,2862.58,2868.99,2855.53,425055594,9938577085762,2335361801343077.0
2024-07-09,2867.38,1,9.62,0.34,2872.63,2875.37,2854.13,456429222,11241863704494,2339688644048581.0
2024-07-10,2867.99,1,0.61,0.02,2863.05,2871.56,2858.87,472472909,11841458957088,2340811915381735.0
2024-07-11,2891.35,1,23.36,0.81,2888.76,2896.43,2879.28,462216873,14649701388722,2363627178724968.0
2024-07-12,2857.0,2,-34.35,-1.19,2867.75,2872.25,2844.88,408178316,14085702513511,2329431205423023.0
2024-07-15,2860.92,1,3.92,0.14,2869.15,2872.9,2848.93,424457898,12165673099287,2334446313431494.0
2024-07-16,2866.09,1,5.17,0.18,2861.71,2872.21,2857.07,677904823,12660325755248,2338465518826864.0
2024-07-17,2843.29,2,-22.8,-0.8,2865.9,2868.58,2841.33,549094120,13923509175223,2320318934867633.0
2024-07-18,2824.35,2,-18.94,-0.67,2805.64,2824.35,2799.02,658374570,15548196201712,2304940336748129.0
2024-07-19,2795.46,2,-28.89,-1.02,2800.21,2802.68,2776.99,426207952,9585234666046,2280949590315269.0
2024-07-22,2763.51,2,-31.95,-1.14,2790.99,2795.12,2752.63,463878258,10499644345892,2255636583508568.0
2024-07-23,2774.29,1,10.78,0.39,2788.83,2796.92,2765.81,423403234,11526841676052,2265131154015696.0
2024-07-24,2758.71,2,-15.58,-0.56,2755.5,2778.31,2748.65,469221275,11053910300885,2251624859143664.0
2024-07-25,2710.65,2,-48.06,-1.74,2721.29,2725.15,2703.86,440318335,13673708697212,2212260228637284.8
2024-07-26,2731.9,1,21.25,0.78,2724.99,2738.4,2715.75,516467609,12971731709664,2228963595217386.0
2024-07-29,2765.53,1,33.63,1.23,2748.32,2776.86,2742.69,456515695,10963602971959,2257406067431641.0
2024-07-30,2738.19,2,-27.34,-0.99,2744.4,2754.53,2732.82,392868090,10199651173207,2235428827339088.0
2024-07-31,2770.69,1,32.5,1.19,2745.58,2770.7,2733.63,557090057,12197991898146,2262832341048634.0
2024-08-01,2777.68,1,6.99,0.25,2787.27,2794.11,2772.97,480833975,10904975425060,2268412040496396.0
2024-08-02,2676.19,2,-101.49,-3.65,2719.39,2725.05,2666.4,531785136,13102123147549,2189768948287380.0
2024-08-05,2441.55,2,-234.64,-8.77,2611.3,2611.3,2386.96,763777757,18781701096636,1997745882924562.0
2024-08-06,2522.15,1,80.6,3.3,2533.34,2578.77,2491.47,567266430,15535848582551,2063686210909231.2
2024-08-07,2568.41,1,46.26,1.83,2515.27,2594.83,2510.82,476990686,13081659609896,2102251051407106.0
2024-08-08,2556.73,2,-11.68,-0.45,2530.21,2570.34,2518.52,495299005,11463675279196,2092077568084576.8
2024-08-09,2588.43,1,31.7,1.24,2603.08,2603.08,2575.9,475012051,9721686771659,2118139215572282.0
2024-08-12,2618.3,1,29.87,1.15,2602.16,2622.86,2602.01,293083794,7601221663229,2142430302010892.0
2024-08-13,2621.5,1,3.2,0.12,2624.5,2636.12,2607.52,378532151,8965946240835,2145433739879246.0
2024-08-14,2644.5,1,23.0,0.88,2649.11,2653.71,2632.44,328748140,8867077142812,2164754882564239.2
2024-08-16,2697.23,1,52.73,1.99,2695.49,2699.61,2680.74,385851899,11192930297117,2208881287865466.0
2024-08-19,2674.36,2,-22.87,-0.85,2697.97,2699.84,2664.28,395636824,9262568374795,2189820559401236.0
2024-08-20,2696.63,1,22.27,0.83,2699.74,2706.05,2686.06,484188400,8954162720335,2206940381891250.0
2024-08-21,2701.13,1,4.5,0.17,2687.2,2704.98,2684.61,417329635,9378558424607,2210561175693671.2
2024-08-22,2707.67,1,6.54,0.24,2710.95,2711.38,2690.35,441756204,8946316911575,2215412798846490.0
2024-08-23,2701.69,2,-5.98,-0.22,2690.8,2712.84,2689.54,330591762,8285767864758,2210797298505351.2
2024-08-26,2698.01,2,-3.68,-0.14,2716.88,2718.47,2688.79,333687885,9087411201066,2206549658882071.2
2024-08-27,2689.25,2,-8.76,-0.32,2696.24,2700.18,2681.92,264056855,8050720479398,2199479583926951.2
2024-08-28,2689.83,1,0.58,0.02,2690.59,2695.51,2671.59,280773871,10567478196675,2200592606674384.8
2024-08-29,2662.28,2,-27.55,-1.02,2657.18,2672.9,2649.56,288835634,11464719820380,2178258767290179.2
2024-08-30,2674.31,1,12.03,0.45,2676.72,2686.51,2668.66,278845310,10340760628054,2187461755865038.0
2024-09-02,2681.0,1,6.69,0.25,2683.8,2686.98,2658.31,266992573,8669962668666,2192680031182319.2
2024-09-03,2664.63,2,-16.37,-0.61,2683.12,2695.59,2664.63,303460408,8978417447396,2178330436205580.8
2024-09-04,2580.8,2,-83.83,-3.15,2589.94,2608.13,2578.07,455469305,11370290372994,2109693404841243.2
2024-09-05,2575.5,2,-5.3,-0.21,2598.36,2615.8,2560.65,379002653,10189751207176,2103967317605974.0
2024-09-06,2544.28,2,-31.22,-1.21,2576.66,2576.94,2529.31,374782188,8685310141898,2079144168315112.0
2024-09-09,2535.93,2,-8.35,-0.33,2498.67,2543.22,2491.3,270230978,7454380686929,2071956884756336.8
2024-09-10,2523.43,2,-12.5,-0.49,2542.69,2544.83,2522.48,347650170,8421866699897,2061808623287734.0
2024-09-11,2513.37,2,-10.06,-0.4,2524.86,2526.13,2493.37,302560681,9623015977525,2051977998276998.0
2024-09-12,2572.09,1,58.72,2.34,2547.5,2572.09,2537.87,340478891,11282356523795,2099101129801418.0
2024-09-13,2575.41,1,3.32,0.13,2571.81,2584.11,2562.91,358262872,8422029131843,2101346639321967.2
2024-09-19,2580.8,1,5.39,0.21,2594.67,2598.68,2550.09,385081293,12871058979763,2106110321613510.0
2024-09-20,2593.37,1,12.57,0.49,2603.83,2619.55,2591.4,495964133,14276592945661,2116582292566160.8
2024-09-23,2602.01,1,8.64,0.33,2596.47,2603.57,2588.49,339140017,9526459225941,2122839424585600.0
2024-09-24,2631.68,1,29.67,1.14,2612.45,2631.68,2597.81,355097005,10338360663397,2146552075310106.0
2024-09-25,2596.32,2,-35.36,-1.34,2652.71,2663.36,2596.32,454471748,11671496763447,2118800293629688.8
2024-09-26,2671.57,1,75.25,2.9,2630.91,2671.57,2630.3,324888966,11602405999054,2179114311367054.0
2024-09-27,2649.78,2,-21.79,-0.82,2674.58,2681.45,2649.78,413004129,11987017925748,2162827763884496.0
2024-09-30,2593.27,2,-56.51,-2.13,2665.24,2668.66,2593.27,358915798,10806867445787,2115975531403172.8
2024-10-02,2561.69,2,-31.58,-1.22,2566.55,2591.61,2555.46,351004351,9607877432678,2091253055072236.8
2024-10-04,2569.71,1,8.02,0.31,2563.7,2585.59,2555.57,414328553,10016557160951,2097299169852460.8
2024-10-07,2610.38,1,40.67,1.58,2579.2,2611.93,2561.46,343671145,10378943872137,2129898509102692.0
2024-10-08,2594.36,2,-16.02,-0.61,2592.65,2601.96,2581.79,318240024,9168276247124,2116186427772118.0
2024-10-10,2599.16,1,4.8,0.19,2611.65,2613.61,2596.86,618559988,13867594373662,2118769902148872.0
2024-10-11,2596.91,2,-2.25,-0.09,2612.02,2621.93,2594.43,491276237,9548436311434,2116899470457183.2
2024-10-14,2623.29,1,26.38,1.02,2602.63,2628.54,2602.63,401705670,8525414408760,2138449589891612.8
2024-10-15,2633.45,1,10.16,0.39,2632.37,2635.32,2615.47,438292799,10054355841679,2147319522898363.2
2024-10-16,2610.36,2,-23.09,-0.88,2606.7,2622.33,2601.35,437552776,10053097319299,2129276601242486.0
2024-10-17,2609.3,2,-1.06,-0.04,2620.74,2622.71,2603.52,331265227,9953645240876,2127416627409576.0
2024-10-18,2593.82,2,-15.48,-0.59,2616.04,2618.32,2587.96,265201103,8274853556430,2115279710372210.0
2024-10-21,2604.92,1,11.1,0.43,2600.77,2618.71,2594.05,240675023,7757213527460,2124505397404487.2
2024-10-22,2570.7,2,-34.22,-1.31,2600.87,2604.16,2564.46,343318170,8958061448792,2096600928094996.8
2024-10-23,2599.62,1,28.92,1.12,2575.25,2607.79,2567.42,352421162,9430154792746,2120697375665930.0
2024-10-24,2581.03,2,-18.59,-0.72,2591.69,2600.26,2578.8,343098218,9733937488291,2104042768297716.0
2024-10-25,2583.27,1,2.24,0.09,2597.44,2611.27,2577.0,462898403,10286877485946,2105651493083676.0
2024-10-28,2612.43,1,29.16,1.13,2588.45,2612.96,2587.2,333735957,9133006346665,2129841276048608.8
2024-10-29,2617.8,1,5.37,0.21,2606.94,2617.8,2595.86,363290058,9341171256858,2134424479869187.2
2024-10-30,2593.79,2,-24.01,-0.92,2606.99,2613.47,2586.88,487359045,9067046289191,2114675137976876.8
2024-10-31,2556.15,2,-37.64,-1.45,2575.24,2579.65,2552.36,406613036,10980673439062,2083807734485504.8
2024-11-01,2542.36,2,-13.79,-0.54,2542.96,2559.3,2536.84,319848769,7944318405637,2072677282762738.0
2024-11-04,2588.97,1,46.61,1.83,2549.04,2588.97,2542.68,373943470,8064748773264,2110215065385316.8
2024-11-05,2576.88,2,-12.09,-0.47,2570.24,2586.73,2564.66,310875315,7716007774972,2100113789116178.0
2024-11-06,2563.51,2,-13.37,-0.52,2591.9,2592.75,2544.04,548506117,11791887929674,2089044036625020.8
2024-11-07,2564.63,1,1.12,0.04,2557.23,2579.81,2540.48,465146173,10809704016429,2089840468646244.0
2024-11-08,2561.15,2,-3.48,-0.14,2586.7,2593.15,2553.42,448734499,9921212340072,2087229089933475.2
2024-11-11,2531.66,2,-29.49,-1.15,2562.05,2562.05,2525.56,572196827,11290168186878,2062998743903726.0
2024-11-12,2482.57,2,-49.09,-1.94,2527.94,2532.44,2481.53,735812780,12848018036593,2022644867370756.8
2024-11-13,2417.08,2,-65.49,-2.64,2468.27,2478.87,2415.77,619176261,11208360429193,1970663209161735.2
2024-11-14,2418.86,1,1.78,0.07,2430.26,2441.43,2410.93,639989952,13017388247182,1972611776340116.8
2024-11-15,2416.86,2,-2.0,-0.08,2413.05,2433.18,2390.56,623327161,12365758546178,1973513509553940.0
2024-11-18,2469.07,1,52.21,2.16,2440.31,2480.01,2437.53,443925881,10621301146512,2017377526672606.0
2024-11-19,2471.95,1,2.88,0.12,2469.13,2479.39,2465.15,410856127,9085861075487,2019146278738576.0
2024-11-20,2482.29,1,10.34,0.42,2475.76,2489.15,2471.79,408789732,7820084740597,2033134230437159.2
2024-11-21,2480.63,2,-1.66,-0.07,2474.62,2496.97,2474.62,451118534,8356409257842,2032824142509323.2
2024-11-22,2501.24,1,20.61,0.83,2493.42,2511.23,2492.21,543517791,8017171405214,2048900260074806.0
2024-11-25,2534.34,1,33.1,1.32,2524.11,2541.76,2517.98,564692445,13495227553966,2075112931767044.0
2024-11-26,2520.36,2,-13.98,-0.55,2521.39,2526.62,2512.21,441708781,8709923196814,2064372965736248.0
2024-11-27,2503.06,2,-17.3,-0.69,2518.82,2526.32,2498.32,414339138,8586048743292,2049072449824867.2
2024-11-28,2504.67,1,1.61,0.06,2499.69,2513.63,2495.64,342571105,7572752629681,2050357986144084.8
2024-11-29,2455.91,2,-48.76,-1.95,2496.93,2496.93,2446.96,384278001,9106481521439,2011421418734674.0
2024-12-02,2454.48,2,-1.43,-0.06,2479.02,2483.29,2448.45,328109545,7591739683478,2009713877727404.0
2024-12-03,2500.1,1,45.62,1.86,2472.06,2500.67,2471.55,324137730,9145172832624,2046261046449732.0
2024-12-04,2464.0,2,-36.1,-1.44,2450.76,2483.04,2442.46,670284268,13296925007005,2016934529725719.2
2024-12-05,2441.85,2,-22.15,-0.9,2471.45,2471.45,2434.78,519351593,9720715707167,1999305298106164.0
2024-12-06,2428.16,2,-13.69,-0.56,2451.6,2459.24,2397.73,630408602,10726880321289,1988510021328156.0
2024-12-09,2360.58,2,-67.58,-2.78,2392.37,2399.52,2360.18,591644435,10004534867179,1933161934819931.2
2024-12-10,2417.84,1,57.26,2.43,2384.51,2419.06,2384.51,598770280,9303804224973,1979769346742696.0
2024-12-11,2442.51,1,24.67,1.02,2412.15,2443.34,2411.38,617716470,7745860519277,1999754741961752.0
2024-12-12,2482.12,1,39.61,1.62,2456.63,2487.95,2448.76,664187237,12259144225557,2032250619015376.0
2024-12-13,2494.46,1,12.34,0.5,2473.75,2500.32,2470.24,577737398,8849455236945,2042115883546408.0
2024-12-16,2488.97,2,-5.49,-0.22,2511.08,2515.62,2483.43,526708153,8466421567755,2037825063390027.2
2024-12-17,2456.81,2,-32.16,-1.29,2487.31,2487.31,2455.05,559039721,9284835596090,2010343832541547.2
2024-12-18,2484.43,1,27.62,1.12,2463.06,2492.0,2462.82,441677820,8338565732727,2033135712509950.0
2024-12-19,2435.93,2,-48.5,-1.95,2426.55,2450.05,2423.59,504467068,8443749654047,1993417137823852.8
2024-12-20,2404.15,2,-31.78,-1.3,2429.63,2430.69,2389.86,617782376,9347347558007,1967064816798788.0
2024-12-23,2442.01,1,37.86,1.57,2423.36,2446.97,2413.62,428166806,7375539570358,1998047401443676.0
2024-12-24,2440.52,2,-1.49,-0.06,2450.55,2452.85,2432.42,386777917,6740790173171,1997825853682132.8
2024-12-26,2429.67,2,-10.85,-0.44,2449.52,2449.52,2428.82,322800054,6410407187557,1989005161072952.8
2024-12-27,2404.77,2,-24.9,-1.02,2419.46,2423.86,2388.33,311291279,6339606976315,1966956732701404.8
2024-12-30,2399.49,2,-5.28,-0.22,2397.49,2429.75,2390.44,303963509,5315451121758,1963328801432072.8
2025-01-02,2398.94,2,-0.55,-0.02,2400.87,2410.99,2386.84,350691927,6958648750080,1963454272081159.2
2025-01-03,2441.92,1,42.98,1.79,2402.58,2454.67,2402.58,407536387,8230070287923,1998126924797076.8
2025-01-06,2488.64,1,46.72,1.91,2453.3,2489.1,2446.82,302760981,8142307849602,2036394312458755.2
2025-01-07,2492.1,1,3.46,0.14,2513.49,2521.86,2492.09,407692929,9405964049041,2038522932687508.0
2025-01-08,2521.05,1,28.95,1.16,2481.25,2526.77,2481.25,362908922,10391057773317,2062626681696110.0
2025-01-09,2521.9,1,0.85,0.03,2526.1,2535.87,2515.82,404290371,11524453907612,2063837692886240.0
2025-01-10,2515.78,2,-6.12,-0.24,2528.42,2535.24,2506.29,377586658,9691007647524,2058638841592924.0
2025-01-13,2489.56,2,-26.22,-1.04,2508.15,2513.93,2483.73,578565446,9049053425756,2036397074805700.0
2025-01-14,2497.4,1,7.84,0.31,2501.49,2504.89,2482.74,414487640,8199244671041,2042488521677972.0
2025-01-15,2496.81,2,-0.59,-0.02,2511.07,2524.36,2493.1,538534310,9176243659173,2041769170734816.0
2025-01-16,2527.49,1,30.68,1.23,2528.27,2534.01,2519.86,451062578,9432261340912,2065809157709104.0
2025-01-17,2523.55,2,-3.94,-0.16,2520.85,2528.48,2513.84,445884915,10011839897387,2062320503702578.0
2025-01-20,2520.05,2,-3.5,-0.14,2533.68,2536.72,2516.28,437546001,8663518721587,2059663885223968.0
2025-01-21,2518.03,2,-2.02,-0.08,2533.23,2548.44,2507.95,572011300,9323573978039,2058259490075974.0
2025-01-22,2547.06,1,29.03,1.15,2535.8,2552.57,2526.89,583737394,11074514904158,2081713985266172.8
2025-01-23,2515.49,2,-31.57,-1.24,2541.24,2541.6,2515.49,609742131,9907820760947,2056088891657315.2
2025-01-24,2536.8,1,21.31,0.85,2529.29,2542.83,2522.64,602014660,10179284029760,2073049460254918.0
2025-01-31,2517.37,2,-19.43,-0.77,2534.33,2537.98,2496.95,454403356,13759431159982,2057132279189022.0
2025-02-03,2453.95,2,-63.42,-2.52,2468.74,2468.74,2437.61,522848036,11649962821524,2005228762346524.8
2025-02-04,2481.69,1,27.74,1.13,2481.44,2508.35,2471.63,479377343,11000937680837,2028588344752300.0
2025-02-05,2509.27,1,27.58,1.11,2503.94,2514.71,2498.74,437344153,9949594557748,2056473640972619.2
2025-02-06,2536.75,1,27.48,1.1,2521.82,2536.75,2515.34,479697230,11863047995673,2078576667689643.2
2025-02-07,2521.92,2,-14.83,-0.58,2532.09,2537.63,2519.01,419872051,10240140504999,2066649815662131.2
2025-02-10,2521.27,2,-0.65,-0.03,2510.64,2527.33,2499.18,393563727,10582465784194,2067049975510715.2
2025-02-11,2539.05,1,17.78,0.71,2532.87,2549.44,2527.74,451092989,11023156462010,2081311465922200.0
2025-02-12,2548.39,1,9.34,0.37,2534.71,2549.58,2528.74,464894178,13668983788526,2088883959979358.0
2025-02-13,2583.17,1,34.78,1.36,2558.95,2583.74,2555.98,680341736,17104156094956,2116865565381814.0
2025-02-14,2591.05,1,7.88,0.31,2588.2,2600.57,2582.84,499364641,13917625961701,2123295637182044.0
2025-02-17,2610.42,1,19.37,0.75,2595.99,2612.8,2592.57,366339998,11017333473620,2138576064568082.0
2025-02-18,2626.81,1,16.39,0.63,2613.25,2628.47,2605.15,421993118,12618242477587,2152414939585228.8
2025-02-19,2671.52,1,44.71,1.7,2633.91,2680.7,2633.91,525798791,14851621874895,2190321476628339.2
2025-02-20,2654.06,2,-17.46,-0.65,2661.72,2667.59,2645.53,529303324,14551190986281,2176898820918304.0
2025-02-21,2654.58,1,0.52,0.02,2653.76,2656.04,2638.44,444704240,11381060470064,2176175331210928.0
2025-02-24,2645.27,2,-9.31,-0.35,2636.12,2645.27,2626.88,536354114,10802085081805,2167788263381008.8
2025-02-25,2630.29,2,-14.98,-0.57,2617.64,2641.49,2617.12,410284831,10508475591510,2155255658945223.2
2025-02-26,2641.09,1,10.8,0.41,2629.86,2648.06,2620.16,386762622,11218719900855,2163540431082131.2
2025-02-27,2621.75,2,-19.34,-0.73,2637.63,2638.47,2610.47,513909805,10802121046832,2147708334692199.2
2025-02-28,2532.78,2,-88.97,-3.39,2585.61,2586.78,2531.24,588571521,15637224696362,2074378682303204.8
2025-03-04,2528.92,2,-3.86,-0.15,2522.2,2548.78,2513.31,484081351,13115384134880,2071277908689396.8
2025-03-05,2558.13,1,29.21,1.16,2548.45,2561.47,2535.18,569412248,13021641663686,2094580712219600.0
2025-03-06,2576.16,1,18.03,0.7,2573.55,2583.65,2565.57,609615704,11319665264837,2105642393608408.8
2025-03-07,2563.48,2,-12.68,-0.49,2553.44,2575.48,2541.49,567191412,12155164964202,2095892197484635.2
2025-03-10,2570.39,1,6.91,0.27,2555.4,2579.76,2549.99,435694828,9881353741270,2101439969373815.2
2025-03-11,2537.6,2,-32.79,-1.28,2516.69,2547.88,2505.91,399016248,10917540670799,2074862207732268.0
2025-03-12,2574.82,1,37.22,1.47,2552.6,2579.69,2541.66,401644557,12284769101722,2105091420669291.2
2025-03-13,2573.64,2,-1.18,-0.05,2598.06,2600.07,2561.02,427292042,13112911085717,2103969035866234.0
2025-03-14,2566.36,2,-7.28,-0.28,2565.18,2576.74,2559.24,362329393,9941799575184,2100287748455670.0
2025-03-17,2610.69,1,44.33,1.73,2588.32,2610.69,2587.52,396573940,11995073046698,2137307329817924.0
2025-03-18,2612.34,1,1.65,0.06,2627.27,2638.56,2606.91,555526574,12034578631086,2138918441303968.8
2025-03-19,2628.62,1,16.28,0.62,2613.48,2642.83,2613.48,653326938,11841495256564,2153080834445234.0
2025-03-20,2637.1,1,8.48,0.32,2648.16,2650.72,2629.2,455019267,11989258245357,2160968151053248.0
2025-03-21,2643.13,1,6.03,0.23,2633.9,2645.82,2617.78,497529180,14188127737060,2166240031337451.2
2025-03-24,2632.07,2,-11.06,-0.42,2636.43,2648.82,2629.38,372431632,6924064394711,2156710253624274.0
2025-03-25,2615.81,2,-16.26,-0.62,2653.04,2654.63,2612.74,439279423,8305059590006,2143539656810207.2
2025-03-26,2643.94,1,28.13,1.08,2628.09,2649.15,2618.05,507916080,7655330119639,2166757904270967.2
2025-03-27,2607.15,2,-36.79,-1.39,2620.28,2633.03,2603.41,403313562,7676249317680,2137689097655124.0
2025-03-28,2557.98,2,-49.17,-1.89,2592.63,2592.63,2549.26,513561475,7150421589957,2097055968124136.0
2025-03-31,2481.12,2,-76.86,-3.0,2513.44,2514.22,2479.46,391592782,8236353358064,2033508107511968.0
2025-04-01,2521.39,1,40.27,1.62,2511.24,2530.61,2494.43,453393641,6939450184454,2066091544186739.2
2025-04-02,2505.86,2,-15.53,-0.62,2525.62,2532.15,2499.83,515599740,7316124788243,2053517297572435.2
2025-04-03,2486.7,2,-19.16,-0.76,2437.43,2488.92,2437.43,480057159,8267470857840,2037334829405671.2
2025-04-04,2465.42,2,-21.28,-0.86,2450.49,2506.71,2438.02,695074881,10742833732479,2019896586676231.2
2025-04-07,2328.2,2,-137.22,-5.57,2359.25,2369.4,2327.01,619500714,10505492820465,1907591512851795.2
2025-04-08,2334.23,1,6.03,0.26,2381.2,2381.31,2328.94,557018146,9122473931623,1912870141561464.8
2025-04-09,2293.7,2,-40.53,-1.74,2329.99,2337.58,2284.72,699641582,9560332636518,1880172676575802.0
2025-04-10,2445.06,1,151.36,6.6,2395.13,2445.06,2391.39,670388052,11055426187398,2002786361478506.0
2025-04-11,2432.72,2,-12.34,-0.5,2400.74,2433.18,2394.25,369702818,7687103441531,1991847800076662.0
2025-04-14,2455.89,1,23.17,0.95,2454.28,2465.56,2449.48,488618364,6687793560550,2011102252591424.0
2025-04-15,2477.41,1,21.52,0.88,2464.51,2482.56,2461.23,560339502,6510808882534,2027996669924308.8
2025-04-16,2447.43,2,-29.98,-1.21,2472.78,2475.83,2442.72,613173904,6725688052971,2004854313353399.2
2025-04-17,2470.41,1,22.98,0.94,2451.7,2473.24,2447.4,601738661,6606299171146,2023188315630384.8
2025-04-18,2483.42,1,13.01,0.53,2473.3,2486.37,2466.9,450985117,5649647492055,2033957406882575.2
2025-04-21,2488.42,1,5.0,0.2,2486.38,2498.84,2479.23,428977098,5239732779307,2038270654755274.0
2025-04-22,2486.64,2,-1.78,-0.07,2481.18,2494.59,2476.14,416680149,6182470913439,2036867826267906.0
2025-04-23,2525.56,1,38.92,1.57,2520.56,2526.72,2507.1,538116134,7764179609542,2068411537802202.0
2025-04-24,2522.33,2,-3.23,-0.13,2525.34,2530.61,2507.21,327935351,7272322115520,2066148877318083.2
2025-04-25,2546.3,1,23.97,0.95,2544.59,2553.33,2534.94,403527737,8760600168638,2085721220951884.8
2025-04-28,2548.86,1,2.56,0.1,2551.23,2558.69,2541.97,454102177,7803354897543,2087208356086974.0
2025-04-29,2565.42,1,16.56,0.65,2550.25,2571.41,2542.25,547081468,9215174352275,2100881633409068.8
2025-04-30,2556.61,2,-8.81,-0.34,2561.04,2570.83,2544.46,487488833,8435602446234,2094129065499498.0
2025-05-02,2559.79,1,3.18,0.12,2556.52,2567.04,2540.57,585492284,8327449263431,2095822345518174.0
2025-05-07,2573.8,1,14.01,0.55,2577.04,2581.85,2559.17,546755132,8935449197459,2106864657755092.8
2025-05-08,2579.48,1,5.68,0.22,2581.27,2590.9,2575.78,471635814,10270131237563,2111359746379270.0
2025-05-09,2577.27,2,-2.21,-0.09,2587.93,2589.58,2571.2,485550305,8034852607528,2110382907460644.0
2025-05-12,2607.33,1,30.06,1.17,2593.94,2607.33,2585.6,409749435,8527539580051,2135960504101416.8
2025-05-13,2608.42,1,1.09,0.04,2601.76,2620.64,2601.58,422459803,8746089121686,2139365845830776.0
2025-05-14,2640.57,1,32.15,1.23,2625.36,2646.01,2619.15,390503815,8893191507759,2165384001366960.0
2025-05-15,2621.36,2,-19.21,-0.73,2634.5,2643.83,2618.08,339578793,7254024641690,2150748687253872.8
2025-05-16,2626.87,1,5.51,0.21,2630.64,2633.98,2619.1,359706542,8025031996677,2154435500387806.0
2025-05-19,2603.42,2,-23.45,-0.89,2613.7,2619.43,2593.44,313296021,6752438008652,2134853767220355.2
2025-05-20,2601.8,2,-1.62,-0.06,2622.68,2622.91,2598.1,456989355,7661430134210,2133507447170795.2
2025-05-21,2625.58,1,23.78,0.91,2615.9,2633.41,2614.73,371527419,7441128800151,2151605513502848.0
2025-05-22,2593.67,2,-31.91,-1.22,2614.66,2616.53,2588.09,358064259,8965468020130,2126011918881695.2
2025-05-23,2592.09,2,-1.58,-0.06,2603.57,2604.14,2589.51,434024136,8659673623776,2124299597613703.2
2025-05-26,2644.4,1,52.31,2.02,2598.45,2644.4,2595.96,380173138,8342809610327,2166285731881608.0
2025-05-27,2637.22,2,-7.18,-0.27,2630.29,2642.63,2625.66,318285651,7908808324037,2160239944298804.0
2025-05-28,2670.15,1,32.93,1.25,2648.86,2692.47,2643.5,405473857,11238813826664,2188074979266972.0
2025-05-29,2720.64,1,50.49,1.89,2691.06,2720.64,2686.64,448340888,10895570257616,2229208577577636.0
2025-05-30,2697.67,2,-22.97,-0.84,2713.24,2717.54,2689.87,525661026,14803606217765,2210646190920267.2
2025-06-02,2698.97,1,1.3,0.05,2692.91,2719.87,2685.14,323603809,8062944006492,2211661469940351.2
2025-06-04,2770.84,1,71.87,2.66,2737.92,2771.03,2734.02,489937474,12106350015702,2270569997770892.0
2025-06-05,2812.05,1,41.21,1.49,2790.33,2831.11,2787.76,556013446,13293000248477,2302942060259452.0
2025-06-09,2855.77,1,43.72,1.55,2841.56,2867.27,2841.39,537617180,14030330524110,2337790728639509.0
2025-06-10,2871.85,1,16.08,0.56,2872.62,2885.67,2849.67,508184663,14289817957640,2350164580015300.0
2025-06-11,2907.04,1,35.19,1.23,2887.32,2908.16,2879.92,393929540,12475002592550,2378921384948741.0
2025-06-12,2920.03,1,12.99,0.45,2909.99,2934.31,2909.99,713705710,17344655814990,2389048717129180.0
2025-06-13,2894.62,2,-25.41,-0.87,2930.57,2932.38,2877.07,931657602,17462763974297,2369323120142404.0
2025-06-16,2946.66,1,52.04,1.8,2903.5,2947.07,2886.13,726351750,14401114308029,2410638877644740.0
2025-06-17,2950.3,1,3.64,0.12,2959.93,2998.62,2925.79,939594106,17915934818024,2414138075097102.0
2025-06-18,2972.19,1,21.89,0.74,2933.63,2979.32,2933.63,576548034,14668323378767,2432540489952913.0
2025-06-19,2977.74,1,5.55,0.19,2989.56,2996.04,2954.47,433310535,13786565754695,2436368787253298.0
2025-06-20,3021.84,1,44.1,1.48,2986.52,3022.06,2972.37,484864681,17974844407806,2471814406598870.0
2025-06-23,3014.47,2,-7.37,-0.24,2992.2,3019.81,2971.36,625650915,17879769854238,2465283335804106.0
2025-06-24,3103.64,1,89.17,2.96,3061.14,3105.04,3061.14,579200567,19107339943731,2538235150827130.0
2025-06-25,3108.25,1,4.61,0.15,3127.79,3129.09,3084.86,644761399,19662628183278,2543092930441839.0
2025-06-26,3079.56,2,-28.69,-0.92,3108.34,3113.03,3036.55,460611798,17030574191361,2519593951599544.0
2025-06-27,3055.94,2,-23.62,-0.77,3077.87,3093.56,3041.85,381633939,13970283384996,2500663765269373.0
2025-06-30,3071.7,1,15.76,0.52,3072.75,3086.0,3063.42,464162919,13333814294163,2512091649124343.0
2025-07-01,3089.65,1,17.95,0.58,3089.64,3133.52,3088.45,576016844,15184804010768,2527488234089640.0
2025-07-02,3075.06,2,-14.59,-0.47,3083.82,3090.61,3032.47,696798456,14829869598196,2516192194451781.0
2025-07-03,3116.27,1,41.21,1.34,3100.33,3116.27,3085.98,539120202,14883213548329,2551106276337041.0
2025-07-04,3054.28,2,-61.99,-1.99,3122.28,3123.84,3052.91,520763440,13571164280163,2501091815119605.0
2025-07-07,3059.47,1,5.19,0.17,3044.78,3068.43,3032.99,359404588,10204542570975,2504046206230287.0
2025-07-08,3114.95,1,55.48,1.81,3071.74,3115.86,3066.03,745793067,13491404979089,2548966093022255.0
2025-07-09,3133.74,1,18.79,0.6,3123.22,3137.17,3111.02,642960883,12654909764711,2563422971103981.0
2025-07-10,3183.23,1,49.49,1.58,3144.14,3183.23,3133.81,596571574,14124821031009,2603739245288003.0
2025-07-11,3175.77,2,-7.46,-0.23,3186.35,3216.69,3170.46,465292057,13342066116082,2598982928438423.0
2025-07-14,3202.03,1,26.26,0.83,3175.59,3202.06,3170.72,444035800,11565586285784,2620057063000663.0
2025-07-15,3215.28,1,13.25,0.41,3194.82,3216.01,3183.83,419651712,12238772420133,2631087507465974.0
2025-07-16,3186.38,2,-28.9,-0.9,3207.48,3209.2,3178.42,531498719,11328776416006,2608342484105158.0
2025-07-17,3192.29,1,5.91,0.19,3201.42,3201.42,3152.42,424787619,15365406027980,2613900035981381.0
2025-07-18,3188.07,2,-4.22,-0.13,3200.44,3204.75,3169.69,393449261,11939229667870,2610008447251791.0
2025-07-21,3210.81,1,22.74,0.71,3191.11,3211.14,3188.87,343910781,10662279408140,2632829588919004.0
2025-07-22,3169.94,2,-40.87,-1.27,3210.12,3220.27,3155.25,378485911,11604659217066,2599056209995773.0
2025-07-23,3183.77,1,13.83,0.44,3189.65,3199.86,3141.93,664826146,12201364684336,2610788646131533.0
2025-07-24,3190.45,1,6.68,0.21,3209.43,3237.97,3183.05,425499879,12993187344837,2615776094044113.0
2025-07-25,3196.05,1,5.6,0.18,3184.37,3205.82,3184.37,389290718,9822238040874,2621558325609622.0
2025-07-28,3209.52,1,13.47,0.42,3228.61,3228.61,3180.18,502719579,13872945078805,2634028944917939.0
2025-07-29,3230.57,1,21.05,0.66,3192.17,3232.31,3169.03,373203172,12769212511711,2651327886580283.0
2025-07-30,3254.47,1,23.9,0.74,3233.31,3269.4,3227.28,338073688,12968500091756,2671786675912336.0
2025-07-31,3245.44,2,-9.03,-0.28,3275.78,3288.26,3227.46,540323825,16455571940540,2662743380814128.0
2025-08-01,3119.41,2,-126.03,-3.88,3210.32,3210.32,3117.92,507776245,15281248640166,2563576815036689.0
2025-08-04,3147.75,1,28.34,0.91,3114.27,3157.45,3105.63,293453733,9724691307255,2587242951270715.0
2025-08-05,3198.0,1,50.25,1.6,3187.15,3212.31,3174.23,273439606,10950201163619,2627767157184861.0
2025-08-06,3198.14,1,0.14,0.0,3182.06,3200.15,3176.61,327358365,11128301636396,2627785497278353.0
2025-08-07,3227.68,1,29.54,0.92,3214.81,3227.68,3200.28,327047544,11201368337831,2652059094215135.0
2025-08-08,3210.01,2,-17.67,-0.55,3220.58,3227.28,3198.31,341443229,11401116948366,2640295716796715.0
2025-08-11,3206.77,2,-3.24,-0.1,3220.72,3223.23,3199.9,304968427,10338941285390,2637340169715307.0
2025-08-12,3189.91,2,-16.86,-0.53,3209.75,3242.17,3189.58,373217178,10165450116361,2623723769032037.0
2025-08-13,3224.37,1,34.46,1.08,3225.4,3226.37,3192.17,320069786,10352059537799,2652083637181810.0
2025-08-14,3225.66,1,1.29,0.04,3226.52,3239.55,3210.83,441467896,10002172706811,2652623803641114.0
2025-08-18,3177.28,2,-48.38,-1.5,3202.63,3206.77,3177.28,326132755,8941932487220,2612867377572908.0
2025-08-19,3151.56,2,-25.72,-0.81,3185.04,3185.48,3142.48,285290653,8624169781604,2592063275359109.0
2025-08-20,3130.09,2,-21.47,-0.68,3121.52,3132.83,3079.27,335285191,11773562869622,2574971562273452.0
2025-08-21,3141.74,1,11.65,0.37,3140.71,3166.54,3134.86,276915481,10893275255572,2584834308775292.0
2025-08-22,3168.73,1,26.99,0.86,3165.41,3181.95,3159.45,236797098,8337524064582,2606520880531289.0
2025-08-25,3209.86,1,41.13,1.3,3195.14,3209.86,3180.12,220165003,8091673150742,2639930147123357.0
2025-08-26,3179.36,2,-30.5,-0.95,3199.92,3199.92,3175.31,325353201,12954910480221,2614613563218803.0
2025-08-27,3187.16,1,7.8,0.25,3185.87,3189.31,3165.77,281721035,8851872014319,2621003592123119.0
2025-08-28,3196.32,1,9.16,0.29,3175.33,3211.34,3164.08,312188158,9875760133000,2627849618885572.0
2025-08-29,3186.01,2,-10.31,-0.32,3208.8,3212.69,3184.48,245132452,8969307869056,2619011116578555.0
2025-09-01,3142.93,2,-43.08,-1.35,3164.58,3177.4,3135.02,260138455,8003230744765,2583440143168908.0
2025-09-02,3172.35,1,29.42,0.94,3155.73,3174.16,3151.93,310678131,8676467905841,2608214267274218.0
2025-09-03,3184.42,1,12.07,0.38,3177.75,3187.48,3167.23,335816449,8811868562778,2618478732744148.0
2025-09-04,3200.83,1,16.41,0.52,3188.84,3205.61,3185.49,286255881,7977947156742,2631602507638663.0
2025-09-05,3205.12,1,4.29,0.13,3208.83,3214.64,3196.19,323844686,10942042116464,2636841421046516.0
2025-09-08,3219.59,1,14.47,0.45,3209.81,3221.14,3206.34,372299882,8217818415298,2648880278485327.0
2025-09-09,3260.05,1,40.46,1.26,3231.31,3260.05,3221.98,439945501,10628640888119,2682471396020302.0
2025-09-10,3314.53,1,54.48,1.67,3272.2,3317.77,3272.07,564706848,13703544856383,2726778752216321.0
2025-09-11,3344.2,1,29.67,0.9,3336.6,3344.7,3311.86,435588829,14947009019240,2750487884332290.0
2025-09-12,3395.54,1,51.34,1.54,3374.65,3395.54,3362.86,448857492,13932277217565,2792432470702270.0
2025-09-15,3407.31,1,11.77,0.35,3407.78,3420.23,3391.33,378854245,12792738454649,2802795681701775.0
2025-09-16,3449.62,1,42.31,1.24,3421.13,3452.5,3418.1,406214278,14058944540679,2838180010916733.0
2025-09-17,3413.4,2,-36.22,-1.05,3433.83,3433.83,3406.75,326609906,11611597358894,2808274005979516.0
2025-09-18,3461.3,1,47.9,1.4,3432.77,3461.3,3422.77,391177053,12409116590064,2848188126349412.0
2025-09-19,3445.24,2,-16.06,-0.46,3461.23,3467.89,3434.61,348844702,15111282864331,2834490035669669.0
2025-09-22,3468.65,1,23.41,0.68,3463.84,3482.25,3458.87,287867235,11996187013111,2855488314793656.0
2025-09-23,3486.19,1,17.54,0.51,3489.46,3494.49,3467.83,358335419,12152383322121,2869842571401625.0
2025-09-24,3472.14,2,-14.05,-0.4,3492.03,3497.95,3442.41,287145415,11806998240931,2858429845707367.0
2025-09-25,3471.11,2,-1.03,-0.03,3458.98,3479.42,3454.08,293074983,12640781197188,2857634253445223.0
2025-09-26,3386.05,2,-85.06,-2.45,3440.39,3441.91,3365.73,399149806,12606212195076,2787520691990662.0
2025-09-29,3431.21,1,45.16,1.33,3414.43,3439.12,3413.33,416480046,10008858561135,2824950733618843.0
2025-09-30,3424.6,2,-6.61,-0.19,3436.0,3443.38,3421.89,526401520,11157443411281,2817769969229231.0
2025-10-01,3455.83,1,31.23,0.91,3444.06,3459.74,3440.42,493641155,12344643388616,2845543746980053.0
2025-10-02,3549.21,1,93.38,2.7,3525.48,3565.96,3512.16,402107231,19456116765360,2922226398313787.0
2025-10-10,3610.6,1,61.39,1.73,3598.11,3617.86,3569.44,407410846,19600845152565,2974646441764439.0
2025-10-13,3584.55,2,-26.05,-0.72,3550.08,3584.55,3522.54,408033131,14270855613049,2952828804530513.0
2025-10-14,3561.81,2,-22.74,-0.63,3604.12,3646.77,3535.52,734084905,18926398057017,2933878249069508.0
2025-10-15,3657.28,1,95.47,2.68,3580.64,3659.91,3577.06,543606716,13879932193738,3011908107364069.0
2025-10-16,3748.37,1,91.09,2.49,3675.82,3748.37,3675.82,495790790,17664818382797,3086315775634677.0
2025-10-17,3748.89,1,0.52,0.01,3732.76,3794.87,3722.07,420769792,17268693077595,3086895728948205.0
2025-10-20,3814.69,1,65.8,1.76,3775.4,3814.69,3728.38,410146751,14190573342156,3141020446206737.0
2025-10-21,3823.84,1,9.15,0.24,3851.01,3893.06,3816.19,526854280,19373490542844,3150160277294047.0
2025-10-22,3883.68,1,59.84,1.56,3827.23,3883.68,3794.52,597215988,15451168656133,3197177009086480.0
2025-10-23,3845.56,2,-38.12,-0.98,3835.79,3902.21,3822.33,423588471,16255705645739,3164799754839550.0
2025-10-24,3941.59,1,96.03,2.5,3893.23,3951.07,3886.64,426896560,17800793870343,3242987677820676.0
2025-10-27,4042.83,1,101.24,2.57,3999.79,4042.83,3999.79,516998547,20122806110920,3325893588152838.0
2025-10-28,4010.41,2,-32.42,-0.8,4010.47,4018.22,3972.56,408224732,19719872621077,3298578950794474.0
2025-10-29,4081.15,1,70.74,1.76,4061.54,4084.09,4014.84,466898421,22033182304082,3357610183598751.0
2025-10-30,4086.89,1,5.74,0.14,4105.95,4146.72,4070.79,566538268,24198286552685,3364689797640767.0
2025-10-31,4107.5,1,20.61,0.5,4083.25,4122.09,4059.74,408275232,22950424588062,3383447874399935.0
2025-11-03,4221.87,1,114.37,2.78,4123.36,4221.92,4123.36,472676323,22728714597138,3477046106115597.0
2025-11-04,4121.74,2,-100.13,-2.37,4219.24,4226.75,4117.91,423542560,20785686586392,3392104995408260.0
2025-11-05,4004.42,2,-117.32,-2.85,4055.47,4055.47,3867.81,594162840,29186234065822,3294411883299844.0
2025-11-06,4026.45,1,22.03,0.55,4092.46,4111.96,3985.29,423420832,21483948611420,3311622923440594.0
2025-11-07,3953.76,2,-72.69,-1.81,3963.72,4037.61,3887.32,377049668,18794295713216,3252007791121429.0
2025-11-10,4073.24,1,119.48,3.02,3991.87,4092.91,3984.24,339514007,16685675541574,3349850858814010.0
2025-11-11,4106.39,1,33.15,0.81,4124.3,4187.46,4066.58,377553974,20118818678387,3378037314926242.0
2025-11-12,4150.39,1,44.0,1.07,4097.44,4154.62,4088.86,334584453,15670659198860,3413518794879764.0
2025-11-13,4170.63,1,20.24,0.49,4127.57,4188.54,4123.84,424188608,17517048400982,3430213936916230.0
2025-11-14,4011.57,2,-159.06,-3.81,4061.91,4092.76,4011.4,399992380,17968602377429,3298648291977145.0
2025-11-17,4089.25,1,77.68,1.94,4078.57,4089.88,4045.4,344096599,14352976610800,3363116830407584.0
2025-11-18,3953.62,2,-135.63,-3.32,4044.47,4072.41,3953.26,319659628,14077477816697,3251067247971822.0
2025-11-19,3929.51,2,-24.11,-0.61,3966.64,3966.64,3854.95,338241537,14586911018135,3230586001015168.0
2025-11-20,4004.85,1,75.34,1.92,4030.97,4059.37,4001.31,360281733,15143579448126,3293299591248162.0
2025-11-21,3853.26,2,-151.59,-3.79,3908.7,3911.55,3838.46,319324121,14166906140808,3168593846191949.0
2025-11-24,3846.06,2,-7.2,-0.19,3915.16,3917.16,3838.2,373120108,21411253137675,3169272356467234.0
2025-11-25,3857.78,1,11.72,0.3,3942.36,3946.61,3833.35,279293988,13275808347538,3180590413000717.0
2025-11-26,3960.87,1,103.09,2.67,3891.88,3960.87,3866.66,295326951,15777742925834,3265922270499562.0
2025-11-27,3986.91,1,26.04,0.66,3989.45,4023.42,3968.43,257854943,13008961064052,3286294870613815.0
2025-11-28,3926.59,2,-60.32,-1.51,3995.3,3995.3,3921.89,241922807,11927326021478,3235761043400269.0
2025-12-01,3920.37,2,-6.22,-0.16,3967.92,3977.31,3892.08,296914679,11805572699555,3232050936063668.0
2025-12-02,3994.93,1,74.56,1.9,3939.09,3994.93,3935.14,319034908,12439175118986,3293510638975859.0
2025-12-03,4036.3,1,41.37,1.04,4010.26,4052.83,3987.76,290896486,13375747628074,3326804886983061.0
2025-12-04,4028.51,2,-7.79,-0.19,4018.91,4028.53,3982.54,352043273,13716192682125,3321694379554629.0
2025-12-05,4100.05,1,71.54,1.78,4023.5,4100.05,4003.29,478512573,16308814953657,3380661222188895.0
2025-12-08,4154.85,1,54.8,1.34,4109.25,4154.85,4081.26,395582936,15207838759256,3424712364436096.0
2025-12-09,4143.55,2,-11.3,-0.27,4129.77,4152.18,4121.21,400643400,13328759163343,3415203834522782.0
2025-12-10,4135.0,2,-8.55,-0.21,4159.05,4172.64,4123.6,317901549,12625782614479,3408198244933671.0
2025-12-11,4110.62,2,-24.38,-0.59,4163.32,4170.77,4103.2,539843372,20308402514420,3389085400995160.0
2025-12-12,4167.16,1,56.54,1.38,4123.83,4168.17,4120.73,426616335,16545774986825,3435670897662502.0
2025-12-15,4090.59,2,-76.57,-1.84,4053.74,4123.19,4052.65,346844575,15438300438426,3373508123630625.0
2025-12-16,3999.13,2,-91.46,-2.24,4093.32,4099.01,3996.23,373989521,16525587865207,3298788270153600.0
2025-12-17,4056.41,1,57.28,1.43,4019.43,4060.24,3994.65,360955505,12968279650414,3348121946855785.0
2025-12-18,3994.51,2,-61.9,-1.53,3989.6,4030.65,3975.5,581445413,13077588489472,3297132526737519.0
2025-12-19,4020.55,1,26.04,0.65,4055.78,4055.78,3997.05,442664473,16470368044849,3318795642740196.0
2025-12-22,4105.93,1,85.38,2.12,4096.26,4105.93,4083.13,315627058,13013701888375,3389012795126445.0
2025-12-23,4117.32,1,11.39,0.28,4127.4,4140.84,4110.25,385848331,13460733860454,3398648765464528.0
2025-12-24,4108.62,2,-8.7,-0.21,4136.24,4137.2,4106.62,363613812,12114977293960,3391545827207752.0
2025-12-26,4129.68,1,21.06,0.51,4130.37,4143.14,4116.53,510161651,16273592100742,3409552385683355.0
2025-12-29,4220.56,1,90.88,2.2,4146.48,4220.56,4146.48,502393980,14535157883542,3483297659265304.0
2025-12-30,4214.17,2,-6.39,-0.15,4193.75,4226.36,4186.95,408198125,13213491562311,3477839534742714.0
2026-01-02,4309.63,1,95.46,2.27,4224.53,4313.55,4216.68,406339246,17521809108064,3558736495078057.0
2026-01-05,4457.52,1,147.89,3.43,4385.92,4457.52,4381.93,513869696,22783803354664,3683501014645836.0
2026-01-06,4525.48,1,67.96,1.52,4446.08,4525.48,4395.0,498391270,25518237182834,3738188652369777.5
2026-01-07,4551.06,1,25.58,0.57,4566.34,4611.72,4488.2,553653981,29139900200735,3759722548753831.0
2026-01-08,4552.37,1,1.31,0.03,4531.46,4622.32,4527.5,440086040,27476981855641,3759062721637169.0
2026-01-09,4586.32,1,33.95,0.75,4530.03,4590.03,4500.48,399219985,23478838394919,3790229810382983.0
2026-01-12,4624.79,1,38.47,0.84,4639.89,4652.54,4567.55,394752880,23073767861614,3822227585757325.0
2026-01-13,4692.64,1,67.85,1.47,4662.44,4693.07,4641.58,429151090,25240608214513,3877443681591208.0
2026-01-14,4723.1,1,30.46,0.65,4685.11,4723.1,4669.32,550416487,24217478031620,3903166781496608.0
2026-01-15,4797.55,1,74.45,1.58,4710.28,4797.55,4705.44,545175207,23826144317448,3966237189276504.0
2026-01-16,4840.74,1,43.19,0.9,4820.66,4855.61,4797.75,720905827,26948188036284,4004879773934139.0
2026-01-19,4904.66,1,63.92,1.32,4829.4,4917.37,4827.95,570841030,25214738198401,4056832202296880.0
2026-01-20,4885.75,2,-18.91,-0.39,4900.28,4935.48,4823.88,667709207,27148846770961,4038612917321369.5
2026-01-21,4909.93,1,24.18,0.49,4808.94,4910.54,4807.13,600101467,30093031855585,4061917379318616.0
2026-01-22,4952.53,1,42.6,0.87,4987.06,5019.54,4934.17,568624077,32919611108208,4095874148435200.0
2026-01-23,4990.07,1,37.54,0.76,4984.08,5021.13,4926.22,612601752,30017138130375,4125555096685080.0
2026-01-26,4949.59,2,-40.48,-0.81,4997.54,5023.76,4940.78,446903055,22842956876465,4093032390767832.0
2026-01-27,5084.85,1,135.26,2.73,4932.89,5084.85,4890.72,476155582,28496381114727,4203734778009835.0
2026-01-28,5170.81,1,85.96,1.69,5145.39,5183.44,5124.8,593108778,30856467311072,4276044578125425.0
2026-01-29,5221.25,1,50.44,0.98,5243.42,5252.61,5073.12,699659390,35870200939592,4315677778298127.0
2026-01-30,5224.36,1,3.11,0.06,5210.35,5321.68,5199.78,862540604,35493399111211,4318647135951041.5
2026-02-02,4949.67,2,-274.69,-5.26,5122.62,5196.71,4933.58,572544402,32090618217805,4091111654386489.0
2026-02-03,5288.08,1,338.41,6.84,5114.81,5288.08,5101.31,672610151,30015961619294,4372100336340857.5
2026-02-04,5371.1,1,83.02,1.57,5260.71,5376.92,5243.11,789920328,30433498214654,4438841137256351.0
2026-02-05,5163.57,2,-207.53,-3.86,5251.03,5304.4,5142.2,911910087,32385641184187,4264766371309451.0
2026-02-06,5089.14,2,-74.43,-1.44,5013.15,5120.77,4899.3,745763942,29912342148788,4203477721125180.0
2026-02-09,5298.04,1,208.9,4.1,5299.1,5322.35,5265.08,617657784,26454138847440,4374057800206435.0
2026-02-10,5301.69,1,3.65,0.07,5350.21,5363.62,5286.67,712267871,23275929869547,4376615585478883.0
2026-02-11,5354.49,1,52.8,1.0,5293.75,5374.23,5257.53,753767377,25625896916781,4421255293234541.0
2026-02-12,5522.27,1,167.78,3.13,5425.39,5522.27,5399.52,750614562,32322625268341,4560825989035452.0
2026-02-13,5507.01,2,-15.26,-0.28,5513.71,5583.74,5480.92,1290658558,30820998931626,4553532159039352.0
2026-02-19,5677.25,1,170.24,3.09,5642.09,5681.65,5614.97,1185838197,28945961371804,4696588119553641.0
2026-02-20,5808.53,1,131.28,2.31,5696.89,5809.91,5684.58,1749302679,33119679281825,4803601345750885.0
2026-02-23,5846.09,1,37.56,0.65,5903.11,5931.86,5792.57,1477788942,32044129428372,4820058734017212.0
2026-02-24,5969.64,1,123.55,2.11,5853.48,5969.64,5775.61,1602004836,31372730942186,4922736641351075.0
2026-02-25,6083.86,1,114.22,1.91,6022.7,6144.71,5984.28,1415254864,35284562768622,5016888866747315.0
2026-02-26,6307.27,1,223.41,3.67,6121.03,6313.27,6107.41,1409623229,38930015318333,5199961588788373.0
2026-02-27,6244.13,2,-63.14,-1.0,6197.49,6347.41,6153.87,1166057975,54939339254580,5146373107791624.0
2026-03-03,5791.91,2,-452.22,-7.24,6165.15,6180.45,5791.65,1227193147,52800572976931,4769433446422237.0
2026-03-04,5093.54,2,-698.37,-12.06,5592.59,5672.12,5059.45,1637605952,62882735183204,4194946818672921.0
2026-03-05,5583.9,1,490.36,9.63,5250.92,5715.3,5248.13,1660710447,45308989750851,4604357689057424.0
2026-03-06,5584.87,1,0.97,0.02,5491.02,5609.98,5381.27,1223019737,31402462335366,4605057307856441.0
2026-03-09,5251.87,2,-333.0,-5.96,5265.37,5327.42,5096.16,1026237730,33163873061508,4331264221607092.0
2026-03-10,5532.59,1,280.72,5.35,5523.21,5595.88,5427.88,923209866,28713302920559,4567316826262150.0
2026-03-11,5609.95,1,77.36,1.4,5658.72,5746.36,5559.69,1050946314,26619233612152,4633384475718061.0
2026-03-12,5583.25,2,-26.7,-0.48,5567.65,5629.07,5527.47,801306208,23698184161863,4608099993232712.0
2026-03-13,5487.24,2,-96.01,-1.72,5412.39,5537.59,5392.52,907655536,23719675922031,4530330570592410.0
2026-03-16,5549.85,1,62.61,1.14,5510.82,5561.42,5448.75,1073859802,21760269884108,4583556928432968.0
2026-03-17,5640.48,1,90.63,1.63,5711.8,5717.13,5632.86,1135071024,22303803944214,4657727421660004.0
2026-03-18,5925.03,1,284.55,5.04,5767.1,5934.35,5766.14,1143771673,26851759232736,4892835711927923.0
2026-03-19,5763.22,2,-161.81,-2.73,5761.4,5863.39,5738.95,1184170077,22994678385098,4757685123364079.0
2026-03-20,5781.2,1,17.98,0.31,5813.35,5833.68,5764.64,1490805229,34025853798776,4768189155100582.0
2026-03-23,5405.75,2,-375.45,-6.49,5580.15,5580.15,5397.94,1125619649,27243225200168,4459320431723521.0
2026-03-24,5553.92,1,148.17,2.74,5638.2,5643.0,5395.17,1170517963,24932387802374,4580524886581023.0
2026-03-25,5642.21,1,88.29,1.59,5680.33,5740.97,5630.07,763223598,24642071803976,4651600138064310.0
2026-03-26,5460.46,2,-181.75,-3.22,5594.06,5598.37,5448.12,925092573,25615327461870,4499612828479672.0
2026-03-27,5438.87,2,-21.59,-0.4,5300.61,5462.51,5220.1,900080937,23659342023182,4482729458029577.5
2026-03-30,5277.3,2,-161.57,-2.97,5181.8,5297.35,5151.22,727391077,20827490324014,4347926048851371.0
2026-03-31,5052.46,2,-224.84,-4.26,5143.75,5233.99,5042.99,1163312408,29837663141391,4159085895028021.0
2026-04-01,5478.7,1,426.24,8.44,5330.04,5512.33,5272.45,958953275,28902428321499,4512166156057644.0
2026-04-02,5234.05,2,-244.65,-4.47,5551.69,5574.62,5170.27,1428159621,33290077738020,4308380470893253.0
2026-04-03,5377.3,1,143.25,2.74,5375.5,5419.45,5316.42,1185178392,22234606978211,4427756587456585.0
2026-04-06,5450.33,1,73.03,1.36,5423.35,5505.61,5404.91,1110507448,21761181854619,4489659930916441.0
2026-04-07,5494.78,1,44.45,0.82,5552.19,5594.9,5424.46,990449091,23719394259706,4526464918181477.0
2026-04-08,5872.34,1,377.56,6.87,5804.7,5919.6,5774.0,932610471,36306960525424,4836941534208473.0
2026-04-09,5778.01,2,-94.33,-1.61,5826.45,5862.41,5757.49,1026732958,33473404312827,4759726731566801.0
2026-04-10,5858.87,1,80.86,1.4,5876.12,5918.59,5850.83,1002353584,23746054636099,4825746498368875.0
2026-04-13,5808.62,2,-50.25,-0.86,5737.28,5827.73,5730.23,1083211365,21456576328531,4781539435053419.0
2026-04-14,5967.75,1,159.13,2.74,5960.0,6026.52,5938.33,889490621,27128583999285,4894528506626196.0
2026-04-15,6091.39,1,123.64,2.07,6141.6,6183.21,6064.23,923846153,31615609364413,4995512345144474.0
2026-04-16,6226.05,1,134.66,2.21,6149.49,6231.03,6126.06,925694636,27046822836317,5106020840373396.0
2026-04-17,6191.92,2,-34.13,-0.55,6227.33,6230.32,6159.88,689739734,24619562398516,5076379137907436.0
2026-04-20,6219.09,1,27.17,0.44,6213.92,6278.36,6176.75,692878455,23576476166973,5097490312334976.0
2026-04-21,6388.47,1,169.38,2.72,6302.54,6388.47,6302.54,792021737,31105972365121,5236207009794765.0
2026-04-22,6417.93,1,29.46,0.46,6387.57,6423.29,6318.51,900140335,31029074886506,5260014101328972.0
2026-04-23,6475.81,1,57.88,0.9,6488.83,6557.76,6309.1,1042392099,40604234649000,5308398010558094.0
2026-04-24,6475.63,2,-0.18,0.0,6496.1,6516.54,6403.74,878200671,30202932730976,5305337787341562.0
2026-04-27,6615.03,1,139.4,2.15,6533.6,6657.22,6529.19,835648753,32966630330508,5421554158979603.0
2026-04-28,6641.02,1,25.99,0.39,6646.8,6712.73,6621.73,1139472198,37622678897537,5443059491427780.0
2026-04-29,6690.9,1,49.88,0.75,6619.0,6702.38,6596.03,717859460,31453311079064,5485580895085869.0
2026-04-30,6598.87,2,-92.03,-1.38,6739.39,6750.27,6597.83,685459295,35808593571542,5407467825453161.0
2026-05-04,6936.99,1,338.12,5.12,6782.93,6937.0,6741.63,873008689,42696032755097,5685804113404671.0
2026-05-06,7384.56,1,447.57,6.45,7093.01,7426.6,7093.01,995691665,60000374667381,6057599952293655.0
2026-05-07,7490.05,1,105.49,1.43,7499.07,7531.88,7257.89,767462258,51112463416097,6138256450573765.0
2026-05-08,7498.0,1,7.95,0.11,7353.94,7511.01,7318.96,523090848,40792656487092,6143249543274176.0
2026-05-11,7822.24,1,324.24,4.32,7775.31,7899.32,7713.49,731278789,51843448673413,6410880164759142.0
2026-05-12,7643.15,2,-179.09,-2.29,7953.41,7999.67,7421.71,1021136121,67114559549714,6261455440849913.0
2026-05-13,7844.01,1,200.86,2.63,7513.65,7855.47,7402.36,738739332,50464007486110,6423360481437913.0
2026-05-14,7981.41,1,137.4,1.75,7873.91,7991.04,7842.72,849941546,51696927269084,6536711923065213.0
2026-05-15,7493.18,2,-488.23,-6.12,7951.75,8046.78,7371.68,885626697,59548489335349,6134715796296273.0
2026-05-18,7516.04,1,22.86,0.31,7443.29,7636.2,7142.71,566617521,44609163510898,6156484427584551.0
2026-05-19,7271.66,2,-244.38,-3.25,7425.66,7446.57,7141.91,533508766,37960990143405,5956875323127522.0
2026-05-20,7208.95,2,-62.71,-0.86,7324.52,7324.52,7053.84,492494076,40401033258793,5903882554220457.0
2026-05-21,7815.59,1,606.64,8.42,7486.37,7819.23,7486.37,621081744,43187054105193,6396239933828635.0
2026-05-22,7847.71,1,32.12,0.41,7873.12,7886.64,7780.13,435533126,31229425311844,6421467815781786.0
2026-05-26,8047.51,1,199.8,2.55,8070.91,8131.15,8008.19,519551123,40802698581164,6580529390679650.0
2026-05-27,8228.7,1,181.19,2.25,8242.12,8457.09,8220.04,619450559,56832099312943,6727882016628621.0
2026-05-28,8185.29,2,-43.41,-0.53,8165.73,8253.6,7841.01,668950905,53241794149045,6691609257206768.0
2026-05-29,8476.15,1,290.86,3.55,8384.31,8476.15,8273.74,735126775,80332510678397,6933143272189571.0
2026-06-01,8788.38,1,312.23,3.68,8485.67,8874.16,8485.67,636175294,74330045284623,7204509360750407.0
2026-06-02,8801.49,1,13.11,0.15,8883.19,8933.62,8503.12,632553467,69109665829933,7215300729898488.0
2026-06-04,8639.41,2,-162.08,-1.84,8623.82,8759.05,8577.3,437895857,47638553400603,7073751550116092.0
2026-06-05,8160.59,2,-478.82,-5.54,8323.2,8382.16,8038.1,463197407,48519527990129,6685559129584654.0
2026-06-08,7484.41,2,-676.18,-8.29,8048.09,8048.09,7442.73,452204169,48338891047499,6132411531476562.0
2026-06-09,8096.93,1,612.52,8.18,7697.76,8119.09,7598.87,448536749,46715418694544,6625921096905701.0
2026-06-10,7730.82,2,-366.11,-4.52,7899.77,7996.68,7541.11,460876834,39944843351120,6324686062638699.0
2026-06-11,7763.95,1,33.13,0.43,7509.62,7800.62,7394.46,478729575,46400773002266,6352556164234073.0
2026-06-12,8123.62,1,359.67,4.63,8263.85,8434.4,8079.77,493405620,52257643902434,6649271029629422.0
2026-06-15,8545.98,1,422.36,5.2,8526.12,8603.48,8450.24,516647764,39992231627150,6992867781984873.0
2026-06-16,8726.6,1,180.62,2.11,8696.55,8753.82,8540.41,586336867,40568508171095,7142513389095564.0
2026-06-17,8864.24,1,137.64,1.58,8622.13,8872.18,8605.66,571194217,35846047966163,7253100053919731.0
2026-06-18,9063.84,1,199.6,2.25,8884.92,9106.07,8867.34,510940125,50780256517664,7413247265338499.0
2026-06-19,9052.42,2,-11.42,-0.13,9288.89,9385.59,8831.72,517247568,67255170224387,7398874682927318.0
2026-06-22,9114.55,1,62.13,0.69,8954.43,9253.0,8900.68,381081263,41909520476921,7449592792676141.0
2026-06-23,8203.84,2,-910.71,-9.99,9083.54,9175.45,8203.84,488741799,61428586207090,6706835470356674.0
2026-06-24,8471.02,1,267.18,3.26,8356.79,8577.52,8080.99,418169043,55499070682968,6927816045835479.0
2026-06-25,8930.3,1,459.28,5.42,8703.42,9044.04,8693.62,456880223,51973679583033,7310414588574390.0
2026-06-26,8411.21,2,-519.09,-5.81,8813.18,8861.7,8126.84,518472966,53997505790204,6885382217962999.0
2026-06-29,8394.65,2,-16.56,-0.2,8334.28,8525.53,8127.99,371222766,42684473923383,6864567783312275.0
2026-06-30,8476.48,1,81.83,0.97,8416.7,8667.73,8220.8,449823583,42099365540343,6929540848101061.0
2026-07-01,8303.41,2,-173.07,-2.04,8591.5,8620.15,8143.33,468193407,39998686042470,6785431956394503.0
2026-07-02,7648.09,2,-655.32,-7.89,7933.1,8136.28,7616.33,505157279,49900911277946,6251410554182236.0
2026-07-03,8088.34,1,440.25,5.76,7739.75,8136.28,7378.1,465820788,45492055078817,6617011062826598.0
2026-07-06,8051.33,2,-37.01,-0.46,8186.82,8327.26,7815.53,448691380,32002817887277,6591595226499214.0
2026-07-07,7656.31,2,-395.02,-4.91,7919.2,7954.55,7389.22,516365835,40717402628437,6266412200628105.0
2026-07-08,7613.05,2,-43.26,-0.57,7452.48,7791.66,7352.89,160925760,15237442559383,6229593062419222.0
2026-07-09,7453.48,1,206.69,2.85,7486.64,7543.86,7410.06,199144882,12633650325547,6097310975747040.0
2026-07-10,7475.94,1,184.03,2.52,7552.49,7704.93,7429.51,453242080,31576970770029,6118604296140554.0
2026-07-13,7244.49,2,-231.45,-3.1,7412.03,7529.07,7159.42,201242681,12897373123517,5927416093017569.0
2026-07-14,6856.83,1,49.9,0.73,6769.06,6979.92,6448.86,491599254,46697966573491,5616749703745019.0
2026-07-15,7284.41,1,427.58,6.24,7082.91,7424.18,7082.91,397853705,34488295746773,5961100249061447.0
2026-07-16,6820.6,2,-463.81,-6.37,6960.5,6995.93,6730.87,424279830,29820663017312,5576917784678867.0
2026-07-20,6516.27,2,-304.33,-4.46,6643.58,6814.86,6472.8,345824614,29690576165881,5331388995510400.0
2026-07-21,6747.95,1,231.68,3.56,6553.88,6836.86,6429.03,391091597,24810734536825,5525145833613097.0
2026-07-22,6797.7,1,49.75,0.74,7052.09,7166.0,6791.06,373810110,28574069397052,5568155813322949.0
2026-07-23,7096.89,1,299.19,4.4,6963.35,7108.44,6892.64,397345768,26856060831382,5814274124976124.0
2026-07-24,6690.62,2,-406.27,-5.72,7000.78,7000.78,6650.41,397654875,30991958531519,5479519588763190.0
2026-07-27,6755.75,1,65.13,0.97,6806.27,6806.27,6557.39,275717624,24294695707750,5533628393014013.0
2026-07-28,6023.66,2,-732.09,-10.84,6400.27,6413.57,5992.91,331260982,36073927405132,4933296613154775.0
2026-07-29,5663.24,2,-360.42,-5.98,6089.11,6228.52,5262.77,457384769,49217357151746,4669101404020380.0
2026-07-30,5593.56,2,-69.68,-1.23,5681.77,5976.82,5547.41,378859389,38320902018593,4611484788421978.0
2026-07-31,6595.45,1,1001.89,17.91,5657.79,6630.77,5629.76,434445151,49567650533548,5445193657915115.0
